2024-10-24,198993,Κρεμμύδια Ξερά Ξανθά Ελληνικά Ποιότητα Α,0.09
2024-10-24,198028,Τομάτες Ελληνικές Ποιότητα Α΄ Τιμή Κιλού,0.48
2024-10-24,192321,Καρότα Ελληνικά Τιμή Κιλού,0.10
2024-10-24,198151,Αγγουράκια Ελληνικά Τιμή Κιλού,0.32
2024-10-24,198027,Κολοκύθια Ελληνικά Τιμή Κιλού,0.31
2024-10-24,198187,Κρεμμύδια Κόκκινα Ξερά Μέτρια Ελληνικά Ποιότητα Α,0.14
2024-10-24,198329,Πατάτες Εγχώριες Τιμή Κιλού,0.92
2024-10-24,198132,Μήλα Στάρκιν Εγχώρια Ποιότητα Α' Τιμή Κιλού,0.37
2024-10-24,198274,Αχλάδια Κρυστάλλια Ελληνικά Ποιότητα Α΄Τιμή Κιλού,0.31
2024-10-24,198026,Αγγούρια Ελληνικά Το Τεμάχιο,0.58
2024-10-24,192066,Τοματίνια Βελανίδια Ελληνικά Ποιότητα Α',1.15
2024-10-24,198023,Πιπεριές Φλωρίνης Ελληνικές Ποιότητα Α΄ Τιμή Κιλού,0.57
2024-10-24,198117,Πορτοκάλια Βαλέντσια Α' Εγχώρια Τιμή Κιλού,0.32
2024-10-24,198039,Πιπεριές Πράσινες Ελληνικές Ποιότητα Α΄Τιμή Κιλού,0.59
2024-10-24,192045,Τομάτα Δράμας Πετρούσα Ποιότητα Α΄,0.71
2024-10-24,198037,Μελιτζάνες Φλάσκες Ελληνικές Τιμή Κιλού,0.77
2024-10-24,198085,Μπανάνες Dole Εισαγωγής Τιμή Κιλού,2.77
2024-10-24,198089,Σταφύλια Σταφίδα Ποιότητα Α' Τιμή Κιλού,3.50
2024-10-24,198077,Βανίλιες Εγχώριες Ποιότητα Α,0.51
2024-10-24,192041,Μπανάνες Εισαγωγής Τιμή Κιλού,2.08
2024-10-24,198095,Μήλα Σμίθ Ελληνικά Ποιότητα Α΄Τιμή Κιλού,0.52
2024-10-24,198029,Τομάτες Τσαμπί Ελληνικές Ποιότητα Α΄ Τιμή Κιλού,2.09
2024-10-24,198040,Πιπεριές Κέρατο Ελληνικές Ποιότητα Α΄ Τιμή Κιλού,0.42
2024-10-24,198805,Αβοκάντο Ωριμασμένο Εισαγωγής Τιμή Κιλού,1.68
2024-10-24,198013,Κρεμμυδάκια Φρέσκα Ελληνικά Τιμή Κιλού,0.40
2024-10-24,198183,Σκόρδο Εισαγωγής Τεμάχιο,0.63
2024-10-24,198271,Μήλα Γκάλα Εγχώρια Ποιότητα Α' Τιμή Κιλού,0.46
2024-10-24,198042,Πιπεριές Ξανθές Ελληνικές Ποιότητα Α΄Τιμή Κιλού,0.39
2024-10-24,198003,Μαιντανός Ελληνικός Ποιότητα Α΄ 100gr,0.80
2024-10-24,198143,Ακτινίδια Εισαγωγής Ποιότητα Α',0.66
2024-10-24,198791,Καρότα Συσκευασμένα Εγχώρια 500gr,0.55
2024-10-24,198024,Μαρούλι Τιμή Τεμαχίου,0.78
2024-10-24,198452,Πορτοκάλια Βαλέντσια Δίχτυ Χυμού Τιμή Κιλού,2.58
2024-10-24,198053,Γλυκοπατάτες Κόκκινες Ελληνικές Ποιότητα Α΄ Τιμή Κιλού,0.60
2024-10-24,198705,Πατάτες Κύπρου Συσκευασμένες Ποιότητα Α΄ Τιμή Κιλού,4.92
2024-10-24,198001,Άνηθος Ελληνικός Ποιότητα Α 80gr,0.79
2024-10-24,198156,Μπρόκολο Ελληνικό Τιμή Κιλού,1.50
2024-10-24,198014,Πράσο Ελληνικό Τιμή Κιλού,0.64
2024-10-24,198038,Μελιτζάνες Τσακώνικες Ελληνικές Τιμή Κιλού,0.51
2024-10-24,198002,Σέλινο Ελληνικό Ποιότητα Α΄ Τιμή Κιλού,0.30
2024-10-24,198694,Μήλα Fuji Ελληνικά Ποιότητα Α,0.62
2024-10-24,198223,Πατάτες Συσκευασμένες Ελληνικές Ποιότητα Α΄ Τιμή Κιλού,3.36
2024-10-24,198012,Παντζάρια Ελληνικά Τιμή Κιλού,0.33
2024-10-24,198120,Μανταρίνια Κλημεντίνες Ελληνικά Ποιότητα Α΄Τιμή Κιλού,0.30
2024-10-24,198021,Λεμόνια Τιμή Κιλού,1.63
2024-10-24,198097,Μήλα Ζαγοράς Πηλίου Π.Ο.Π. Ποιότητα Α΄ Τιμή Κιλού,0.72
2024-10-24,192429,Μπαρμπά Στάθης Σαλάτα Δροσάτη 200gr,1.52
2024-10-24,198546,Dole Βιολογικές Μπανάνες Εισαγωγής Συσκευασία,2.19
2024-10-24,198676,Τοματίνια Βελανίδια Ελληνικά Ποιότητα Α' 250gr,2.25
2024-10-24,198093,Σταφύλια Κρίμσον Άσπερμα Εγχώρια Τιμή Κιλού,1.95
2024-10-24,198331,Πιπεριές Κόκκινες Ελληνικές Ποιότητα Α΄Τιμή Κιλού,0.76
2024-10-24,198096,Μήλα Γκόλντεν Ελληνικά Ποιότητα Α΄ Τιμή Κιλού,0.48
2024-10-24,198179,Μανιτάρια Φρέσκα Εισαγωγής 500gr,2.50
2024-10-24,198009,Σπανάκι Ελληνικό Τιμή Κιλού,0.64
2024-10-24,198395,Λάϊμς Εισαγωγής Ποιότητα Α,0.49
2024-10-24,192054,Φρεσκούλης Σαλάτα Ιταλική Iceberg- Μαρούλι- Ραντίτσιο 200gr,1.67
2024-10-24,198041,Πιπεριές Καυτερές Ελληνικές Ποιότητα Α΄ Τιμή Κιλού,0.30
2024-10-24,198016,Φασολάκια Μπαρμπούνια Ελληνικά Τμή Κιλού,0.87
2024-10-24,198263,Άισμπεργκ Ελληνικό Τιμή Κιλού,1.15
2024-10-24,198529,Καρότα Βιολογικά Ελληνικά Συσκευασμένα,2.74
2024-10-24,198242,Μπανάνα Chiquita Εισαγωγής Τιμή Κιλού,3.29
2024-10-24,198644,Πιπεριές Ανάμεικτες Ελληνικές Ποιότητα Α΄ Τιμή Συσκευασίας,2.90
2024-10-24,198150,Άισμπερκ Εισαγωγής Τιμή Κιλού,1.44
2024-10-24,198034,Λάχανο Ελληνικό Ποιότητα Α΄ Τιμή Κιλού,1.96
2024-10-24,198881,My Fresco Σαλάτα Φαντασία 100gr,1.19
2024-10-24,198434,Κρεμμύδια Κόκκινα Ξερά Συσκευασμένα Ποιότητα Α΄Τιμή Κιλού,1.39
2024-10-24,198103,Αχλάδια Φετέλ Ελληνικά Ποιότητα Α,1.00
2024-10-24,198147,Δυόσμος Ελληνικός 50gr Ματσάκι,1.19
2024-10-24,198933,Μπάρμπα Στάθης Σαλάτα Τραγανή Λάχανο & Καρότο300gr,1.52
2024-10-24,198477,Μανιτάρια Πλευρώτους Ελληνικά 500gr,2.68
2024-10-24,198488,Πατάτες Νάξου Συσκευασμένες Ελληνικές Ποιότητα Α,5.97
2024-10-24,192355,Μύρτιλο Εισαγωγής 125gr,3.65
2024-10-24,198036,Κουνουπίδι Ελληνικό Τιμή Κιλού,2.89
2024-10-24,192230,Σαλάτα Γαλλική Σε Γλαστράκι,0.94
2024-10-24,198879,My Fresco Σαλάτα Φάρμα 200gr,1.63
2024-10-24,198959,Μπάρμπα Στάθης Σαλάτα Μαρουλένια 200gr,1.86
2024-10-24,204806,Αγρόκηπος Παντζάρια Πέλλας Σακούλα 500gr,1.74
2024-10-24,198414,Αχλάδια Κρυστάλλια Ζαγοράς Ποιότητα Α΄Τιμή Κιλού,0.47
2024-10-24,198146,Κολοκύθια Στρογγυλά Ελληνικά Τιμή Κιλού,0.87
2024-10-24,192112,Φρεσκούλης Σαλάτα Λάχανο-Καρότο 300gr,1.65
2024-10-24,198330,Πιπεριές Κίτρινες Ελληνικές Ποιότητα Α,0.85
2024-10-24,198207,Άρωμα Κρεμμυδάκι Φρέσκο Ματσάκι Εγχώριο 140gr,1.69
2024-10-24,198645,Σκόρδα Εισαγωγής Συσκευασία 3τεμ,1.75
2024-10-24,192010,Μανιτάρια Φρέσκα Εισαγωγής 250gr,1.50
2024-10-24,198291,Αχλάδια Κρυστάλλια Lux Τιμή Κιλού,0.44
2024-10-24,192181,Φρεσκούλης Ιταλική Οικογενειακή 425gr,2.99
2024-10-24,198902,My Fresco Σαλάτα Εξοχική 160gr,1.51
2024-10-24,198925,Πορτοκάλια Ποιότητα Α΄Δίχτυ Έγχωρια Τιμή Κιλού,3.58
2024-10-24,198290,Σέλερυ Ελληνικό Τιμή Κιλού,1.32
2024-10-24,192445,Μπαρμπα Στάθης Σαλάτα Κλασσική 250gr,2.03
2024-10-24,198083,Ανανάς Εισαγωγής Τιμή Κιλού,2.35
2024-10-24,198476,Μήλα Τζόνα Γκόλντ Ελληνικά Ποιότητα Α΄ Τιμή Κιλού,0.59
2024-10-24,198514,Βιολογικά Αγγούρια Ελληνικά Συσκευασία,3.79
2024-10-24,198937,Μπάρμπα Στάθης Σαλάτα Ιταλική 140gr,1.61
2024-10-24,198726,Τοματίνια Βιολογικά Ελληνικά 250gr,3.25
2024-10-24,198422,Ρόκα Άγρια Baby Leaf 100gr,1.19
2024-10-24,198605,Λόλα Πράσινη Ελληνική Ποιότητα Α΄ Το Τεμάχιο,0.99
2024-10-24,661089,Φρεσκούλης Σαλάτα Καπριτσιόζα 160gr,1.40
2024-10-24,192383,Φρεσκούλης Συσκευασία Σπανάκι Baby 100gr,1.19
2024-10-24,198075,Ρόδια Εγχώρια Ποιότητα Α',1.05
2024-10-24,198163,Τζίντζερ Εισαγωγής Τιμή Κιλού,1.19
2024-10-24,198500,Τομάτες Βιολογικές Ελληνικές Συσκευασμένες,8.47
2024-10-24,198530,Πατάτες Βιολογικές Ελληνικές Δίχτυ Τιμή Κιλού,4.38
2024-10-24,198007,Ραδίκια Ιταλικά Ελληνικά Τιμή Κιλού,1.92
2024-10-24,198257,Πατάτες Ραγού Mini Συσκευασμένες Εισαγωγής Ποιότητα Α,3.60
2024-10-24,192335,Τομάτες Today's Τύπου Ελιά Ελληνικές 500gr,5.36
2024-10-24,198721,Φρεσκούλης Σαλάτα Δροσερή Μαρούλι- Iceberg- Εσκαρόλ- Ραντίτσιο- Ρόκα 200gr,1.97
2024-10-24,198497,Σαλάτα Ελληνική baby Leaf 100gr,1.19
2024-10-24,198604,Λόλα Κόκκινη Ελληνική Ποιότητα Α΄ Το Τεμάχιο,0.99
2024-10-24,192469,Μπάρμπα Στάθης Σαλάτα Δροσερή 400gr,2.58
2024-10-24,198502,Κολοκύθια Βιολογικά Ελληνικά Συσκευασμένα Τιμή Κιλού,6.47
2024-10-24,198289,Σέσκουλα Εγχώρια,0.59
2024-10-24,192382,Φρεσκούλης Συσκευασία Ρόκα Άγρια 100gr,1.19
2024-10-24,192024,Lucia Τοματίνια Ελληνικά Ποιότητα Α' 250gr,2.35
2024-10-24,198521,Μαρούλι Βιολογικό Ελληνικό Συσκευασία Το Τεμάχιο,2.26
2024-10-24,198511,Λεμόνια Βιολογικά Ελληνικά Δίχτυ Περίπου 1-5Kg,5.24
2024-10-24,198516,Βιολογικά Πορτοκάλια Βαλέντσια Εγχώρια,5.70
2024-10-24,198008,Χόρτα Άγρια Τιμή Κιλού,1.99
2024-10-24,198171,Ρόκα Ελληνική Ποιότητα Α 100gr,0.99
2024-10-24,192095,Μπάρμπας Στάθης Σαλάτα Σπανάκι 500gr,3.21
2024-10-24,198352,Λωτοί Εισαγωγής Ποιότητα Α΄Τιμή Κιλού,1.61
2024-10-24,198345,Κολοκύθες Mini Ελληνικές Τιμή Κιλού,1.95
2024-10-24,198756,Χουρμάδες Εισαγωγής 250gr,3.71
2024-10-24,198426,Μήλα Γκαλά Ζαγοράς Ποιότητα Α΄,0.59
2024-10-24,198010,Αντίδια Ελληνικά Τιμή Κιλού,2.08
2024-10-24,192134,Μανιτάρια Φρέσκα 400gr Εγχώρια,2.99
2024-10-24,198035,Λάχανο Κόκκινο Ελληνικό Ποιότητα Α΄ Τιμή Κιλού,1.24
2024-10-24,192602,Φρουτοσαλάτα Εποχής 200gr,2.79
2024-10-24,192218,Αλλιόν Σκόρδο Φρέσκο Ψιλοκομμένο 100gr,2.45
2024-10-24,198534,Πιπεριές Φλωρίνης Βιολογικές Ελληνικές Συσκευασία,2.69
2024-10-24,204807,Αγρόκηπος Καλαμπόκι Γλυκό 400gr,3.26
2024-10-24,198246,Βατόμουρα Συσκευασία 125gr,3.89
2024-10-24,192365,Μάνγκο Ωριμασμένο Εισαγωγής Συσκευασία 2τεμ,4.94
2024-10-24,198506,Κρεμμύδια Βιολογικά Ξερά Ελληνικά Δίχτυ Τιμή Κιλού,3.70
2024-10-24,198046,Κρεμμύδια Στιφάδο Ελληνικά Ποιότητα Α΄ Δίχτυ Τιμή Κιλού,0.97
2024-10-24,192572,Αβοκάντο Εισαγωγής Συσκευασία Τιμή Κιλού,8.16
2024-10-24,198073,Κυδώνια Ελληνικά Ποιότητα Α΄ Τιμή Κιλού,0.84
2024-10-24,198508,Μήλα Στάρκιν Βιολογικά Ελληνικά Συσκευασία,3.95
2024-10-24,198058,Πεπόνια Θράκης Τιμή Κιλού,2.33
2024-10-24,198769,Βασιλικός Ελληνικός Κουτί 25gr,1.99
2024-10-24,198772,Μανιτάρια Φρέσκα Γίγας Εισαγωγής 500gr,3.19
2024-10-24,198078,Κάστανα Ελληνικά Ποιότητα Α Τιμή Κιλού,0.73
2024-10-24,198254,Φρεσκούλης Βιολογική Σαλάτα Ιταλική 200gr,2.73
2024-10-24,198916,Μανιτάρια Porto Bello Εισαγωγής 500gr,3.25
2024-10-24,198904,Φρεσκούλης Σαλάτα Σπανάκι 375gr,2.39
2024-10-24,198233,Γκρειπ Φρουτ Κόκκινα Εγχώρια Τιμή Κιλού,0.49
2024-10-24,198973,Σαλάτα Σγουρή Ελληνική Το Τεμάχιο,1.19
2024-10-24,192062,Ραπανάκια Εγχώρια 125gr,0.97
2024-10-24,198699,Παντζάρια Βρασμένα 500gr,1.55
2024-10-24,192471,Μπάρμπα Στάθης Σαλάτα Φριζάτη 240gr,2.16
2024-10-24,192303,Πατάτες Μυρτώ Συσκευασμένες Ελληνικές Ποιότητα Α Δίχτυ Τιμή Κιλού,4.77
2024-10-24,198542,Μπρόκολο Βιολογικό Ελληνικό Τιμή Κιλού,2.36
2024-10-24,198260,Σελινόριζα Εισαγωγής Τιμή Κιλού,1.78
2024-10-24,192523,Φρεσκούλης Σαλάτα Γεύμα COBB Με Κοτόπουλο 280gr,4.45
2024-10-24,198398,Μπανάνες Dole Baby,3.51
2024-10-24,192470,Μπάρμπα Στάθης Σαλάτα Ιταλική Οικογενειακή Συσκευασία 320gr,2.94
2024-10-24,204037,Αγρόκηπος Κολοκύθα Στον Ατμό 400gr,2.62
2024-10-24,198087,Μάνγκο Εισαγωγής Τιμή Κιλού,2.48
2024-10-24,192324,Άρωμα Δυόσμος Γλαστράκι Μεγάλο,2.49
2024-10-24,192440,Today's Τοματίνια Mix Εγχώρια 300gr,4.07
2024-10-24,192403,Φρεσκούλης Σαλάτα Καπριτσιόζα Οικογενειακή 335gr,3.24
2024-10-24,192261,Κόλιανδρο Κουτί 25gr Εγχώριο,1.99
2024-10-24,192417,Σαλάτα Τραγανή Baby Leaf 150gr,1.89
2024-10-24,192441,Πατάτες Κύπρου Επιλεγμένες Για Τηγάνι Δίχτυ Τιμή Κιλού,4.77
2024-10-24,192027,Φρεσκούλης Σαλάτα Πανδαισία 160gr,2.09
2024-10-24,198504,Πιπεριές Βιολογικές Ελληνικές Συσκευασία,3.15
2024-10-24,192232,Σαλάτα Λόλα Σε Γλαστράκι,0.77
2024-10-24,192570,Αγρόκηπος Βιολογικό Παντζάρι 400gr (+25% Δώρο),3.25
2024-10-24,192603,Φρουτοσαλάτα Mix 200gr,2.79
2024-10-24,198804,Λόλα Double Mix Ζωντανή Ρίζα,1.79
2024-10-24,198148,Πιπεριές Πορτοκαλί Εισαγωγής Ποιότητα Α' Τιμή Κιλού,0.94
2024-10-24,198438,Μανιτάρια Πλευρώτους Βιολογικά Συσκευασία 400gr,3.08
2024-10-24,198947,Μανιτάρια Brown Εισαγωγής Συσκευασία 500gr,3.51
2024-10-24,192996,Βιολογική Σαλάτα Ρόκα 125gr,2.69
2024-10-24,192414,Σαλάτα Πιπεράτη 150gr,1.89
2024-10-24,192408,Μπάρμπα Στάθης Σπανάκι 250gr,1.90
2024-10-24,198571,Βιολογικά Μήλα Σμιθ Εγχώρια,4.49
2024-10-24,198774,Άρωμα Δυόσμος Ελληνικός Κουτί 25gr,1.99
2024-10-24,198133,Φινόκιο,1.11
2024-10-24,192418,Σαλάτα Super Mix Baby Leaf 150gr,2.15
2024-10-24,198082,Καρύδα Εισαγωγής Το Τεμάχιο,1.19
2024-10-24,198512,Λάχανο Βιολογικό Ελληνικό Τιμή Κιλού,2.98
2024-10-24,330793,Rapunzel Χουρμάδες Με Κουκούτσι Bio Σκαφάκι 250gr,2.97
2024-10-24,192449,My Greek Pickles Φρέσκο Βιολογικό Ξινoλάχανο 250gr,3.99
2024-10-24,192081,Μανιτάρια Πλευρώτους Φιλέτο Ελληνικά 500gr,4.57
2024-10-24,198079,Γκρέιπ Φρουτ Ελληνικό Ποιότητα Α΄Τιμή Κιλού,0.53
2024-10-24,198766,Δενδρολίβανο Ελληνικό Κουτί 25gr,1.99
2024-10-24,192107,Βιολογική Σαλάτα Gran Mix 125gr,3.99
2024-10-24,198169,Ραντίτσιο Εισαγωγής,1.69
2024-10-24,198545,Μήλα Γκόλντεν Βιολογικά Ελληνικά,4.95
2024-10-24,192106,Βιολογική Σαλάτα Mista 200gr,3.42
2024-10-24,192366,Ρόδια Καθαρισμένα 140gr,3.59
2024-10-24,198072,Λωτοί Τιμή Κιλού,0.70
2024-10-24,192195,Bonduelle Βιολογική Σαλάτα Mix 150gr,3.46
2024-10-24,198486,Κινέζικο Λάχανο Τιμή Κιλού,4.49
2024-10-24,192138,Διρφύς Μανιτάρια Λεντινούλα Αποξηραμένα 25gr,3.55
2024-10-24,198114,Πορτοκάλια Φαγητού Ναβαλίνες Ποιότητα Α΄ Τιμή Κιλού,0.27
2024-10-24,198456,Ανανάς By Air Εισαγωγής Τιμή κιλού,10.57
2024-10-24,198127,Κολοκύθες Ελληνικές,11.94
2024-10-24,198460,Πορτοκάλια Ναβαλίνες Χυμού Δίχτυ Ελληνικές Ποιότητα Α΄ Τιμή Κιλού,1.92
2024-10-24,198427,Κολοκύθες Εισαγωγής Τιμή Κιλού,5.13
2024-10-24,192600,Αβοκάντο 3 Μισά Καθαρισμένα Κομμάτια 180gr,5.99
2024-10-24,134069,Σπάλα Χοιρινή Ελληνική Νωπή Άνευ Οστού,1.47
2024-10-24,133733,Λάπα Βοείου Ελληνική Νωπή Άνευ Οστού,2.47
2024-10-24,134004,Χοιρινός Λαιμός Ολλανδίας Με Οστό Τιμή Κιλού,1.25
2024-10-24,133211,Στήθος Λάπα Βοείου Γερμανίας Άνευ Οστού,2.20
2024-10-24,133741,Ελιά Βοείου Ελληνική Νωπή Άνευ Οστού,2.47
2024-10-24,137169,Πίνδος Φτερούγες Κοτόπουλο Ελληνικές Νωπές Τιμή Κιλού,0.29
2024-10-24,134061,Χοιρινός Λαιμός Ελληνικός Με Οστό,1.48
2024-10-24,134001,Σουβλάκια Χοιρινά Ελληνικής Επεξεργασίας Μαριναρισμένα Νωπά Τιμή Κιλού,0.69
2024-10-24,133702,Ελιά Σπάλα Μοσχάρι Γάλακτος Ολλανδίας Άνευ Οστού,3.23
2024-10-24,133205,Ελιά Βοείου Γερμανίας Νωπή Άνευ Οστού Τιμή Κιλού,2.99
2024-10-24,137711,Άρτα Κοτόπουλο Ελληνικό Νωπό Xύμα,5.08
2024-10-24,137706,Αμβροσιάδης Μπούτι Κοτόπουλο Νωπό Ελληνικό Τιμή Κιλού,1.64
2024-10-24,137705,Αμβροσιάδης Κοτόπουλο Νωπό Ελληνικό Τιμή Κιλού,5.08
2024-10-24,133556,Σπαλομύτα Βοείου Ελληνική Νωπή Τιμή Κιλού,2.47
2024-10-24,137149,Πίνδος Φιλέτο Στήθος Κοτόπουλου Ελληνικό Νωπό,5.97
2024-10-24,133731,Μπούτι Βοείου Ελληνικό Νωπό Άνευ Οστού,2.50
2024-10-24,133735,Σπάλα Βοείου Ελληνική Νωπή Άνευ Οστού,2.47
2024-10-24,134203,Σπάλα Χοιρινή Ολλανδίας Νωπή Άνευ Οστού,1.90
2024-10-24,134062,Μπριζόλα Χοιρινή Ελληνική Νωπή Με Οστό Χωρίς Φιλέτο,2.76
2024-10-24,137307,Σουβλάκι Μπούτι Κοτόπουλου Ελληνικό Νωπό Μαριναρισμένο,1.12
2024-10-24,134065,Μπούτι Χοιρινό Ελληνικό Νωπό Άνευ Οστού,2.14
2024-10-24,133055,Φάρμα Ελασσόνας Κιμάς Βόειος Νωπός 400gr,4.69
2024-10-24,133981,Peter's Farm Ελιά-Σπάλα Μοσχαράκι Γάλακτος Ολλανδίας,3.24
2024-10-24,137735,Πίνδος Κοπανάκι Κοτόπουλο Ελληνικό Νωπό Τιμή Κιλού,0.97
2024-10-24,137837,Ελαιοπουλάκι Φιλέτο Μπούτι Κοτόπουλο Δισκάκι 600gr -25%,5.99
2024-10-24,137718,Άρτα Φτερούγες Κοτόπουλου Νωπές Εγχώριες Τιμή Κιλού,0.29
2024-10-24,137832,Ελαιοπουλάκι Φιλέτο Μπούτι Κοτόπουλο Νωπό Δισκάκι 600gr,7.99
2024-10-24,134068,Πανσέτα Χοιρινή Ελληνική Νωπή Με Οστό Άνευ Δέρματος,1.45
2024-10-24,134010,Μπριζόλα Χοιρινή Ολλανδίας Νωπή Με Οστό,1.99
2024-10-24,137898,Νιτσιάκος Nuggets Ελληνικό Κοτόπουλο 400gr -0-50€,3.26
2024-10-24,137078,Το Χωρικό Φιλέτο Στήθος Κοτόπουλο Νωπό Χωρίς Κόκκαλο,4.08
2024-10-24,133209,Σπάλα Βοείου Γερμανίας Νωπή Άνευ Οστού,2.99
2024-10-24,137076,Το Χωρικό Μπούτι Κοτόπουλου Νωπό Τιμή Κιλού,1.36
2024-10-24,137821,Νιτσιάκος Nuggets Ελληνικό Κοτόπουλο Τυποποιημένο 400gr,3.64
2024-10-24,137147,Πίνδος Μπούτι Κοτόπουλο Ελληνικό Τιμή Κιλού,2.18
2024-10-24,158501,Τσιπούρα Sparus Auratus Υδατοκαλλιέργειας Ελλάδος 0-4-0-6Kg,5.39
2024-10-24,134050,Χοιρινός Λαιμός Ολλανδίας Με Οστό Τιμή Κιλού,1.25
2024-10-24,137907,My Fresco Nuggets Κοτόπουλου Ελληνικό 400gr,3.57
2024-10-24,133058,Μπιφτέκι Χωριάτικο Νωπό Τιμή Κιλού,1.24
2024-10-24,133228,Τουρτουγκίτα Ποντίκι Βοείου Γερμανίας Άνευ Οστού,2.84
2024-10-24,133734,Στήθος Βοείου Ελληνικό Νωπό Χωρίς Οστό,4.95
2024-10-24,134003,Πανσέτα Χοιρινή Ολλανδίας Νωπή Με οστό Άνευ Δέρματος,1.40
2024-10-24,133231,Ποντίκι Βοείου Γερμανίας Νωπό Άνευ Οστού,3.30
2024-10-24,137908,My Fresco Σνίτσελ Κοτόπουλο Ελληνικό 390gr,3.47
2024-10-24,133800,Ελιά Βοείου Πολωνίας Νωπή Άνευ Οστού Τιμή Κιλού,5.50
2024-10-24,134538,Meatka Μπιφτέκι Βόειο Ευρωπαϊκής Ένωσης Σε Δισκάκι 600gr,5.75
2024-10-24,137742,Άρτα Κοπανάκι Νωπό Ελληνικό Τιμή Κιλού,0.97
2024-10-24,133994,Black Angus Ιρλανδίας Σπαλομπριζόλα Βοείου Άνευ Οστού Τιμή Κιλού,3.40
2024-10-24,133635,Συκώτι Βοείου Γερμανίας Νωπό,2.72
2024-10-24,137146,Πίνδος Κοτόπουλο Ελληνικό Νωπό Τιμή Κιλού,7.05
2024-10-24,138414,Mimikos Σνίτσελ Κοτόπουλο Ελληνικό Νωπό Δισκάκι 470gr,6.05
2024-10-24,133056,Φάρμα Ελασσόνας Κιμάς Ανάμεικτος Νωπός 400gr,4.45
2024-10-24,134205,Μπούτι Χοιρινό Ολλανδίας Νωπό Άνευ Οστού Άνευ Δέρμα,1.97
2024-10-24,133045,Meatka Μπιφτέκι Κοτόπουλου Ελληνικό Νωπό 600gr,5.65
2024-10-24,133052,Μπιφτέκι Κοτόπουλο Νωπό Σε Δισκάκι Τιμή Κιλού,1.54
2024-10-24,134017,Φιλέτο Χοιρινό Ψαρονέφρι Ολλανδίας,4.98
2024-10-24,137909,My Fresco Cordon Bleu Ελληνικό Κοτόπουλο,3.62
2024-10-24,137913,My Fresco Φιλέτο Στήθος Κοτόπουλο Ελληνικό 700gr,7.20
2024-10-24,102735,Creta Farms Εν Ελλάδι Λουκάνικα Φρανκφούρτης 300gr,3.24
2024-10-24,133225,Κιλότο Μπούτι Βοείου Γερμανίας Νωπό Άνευ Οστού,3.42
2024-10-24,133992,Black Angus Ιρλανδίας Σπαλομίτα Βοείου Τιμή Κιλού,3.19
2024-10-24,137911,My Fresco Μπούτι Κοτόπουλο Ελληνικό 725gr,3.90
2024-10-24,137129,Αγγελάκης Ατομικό Ρολό Κοτόπουλο Xωρις Γλουτένη Νωπό Τιμή Κιλού,3.98
2024-10-24,133982,Peter'S Farm Μπριζόλες Κόντρα Μοσχαράκι Γάλακτος,7.20
2024-10-24,137960,Πίνδος Κοπανάκι Κοτόπουλο Μαριναρισμένο Ελληνικό Τιμή Κιλού,0.91
2024-10-24,134537,Meatka Κεμπάπ Πολίτικο Ε.Ε. Δισκάκι 500gr,4.62
2024-10-24,137870,Πίνδος Συκώτια Κοτόπουλου Ελληνικά Νωπά 500gr -25%,2.14
2024-10-24,137734,Πίνδος Φιλέτο Μπούτι Ελληνικό Νωπό Τιμή Κιλού,4.62
2024-10-24,133801,Σπάλα Βοείου Πολωνίας Νωπή Άνευ Οστού,5.50
2024-10-24,137251,Mimikos Στήθος Φιλέτο Κοτόπουλο Ελληνικό Νωπό 650gr (+20% Δωρεάν Προϊόν),11.60
2024-10-24,137265,Mimikos Στήθος Φιλέτο Κοτόπουλο Ελληνικό Νωπό 650gr,11.60
2024-10-24,134048,Κοντοσούβλι Χοιρινό Ελληνικό Μερίδες,2.17
2024-10-24,137168,Πίνδος Κοτόπουλο Ελεύθερης Βοσκής Ελληνικό Νωπό Τιμή Κιλού -20%,8.73
2024-10-24,102282,Λουκάνικα Χοιρινά Τύπου Μυκόνου 400gr,2.00
2024-10-24,137159,Πίνδος Κοτόπουλο Ελληνικό Ελευθέρας Βοσκής Τιμή Κιλού,10.92
2024-10-24,137148,Πίνδος Στήθος Κοτόπουλο Ελληνικό Νωπό,6.72
2024-10-24,133993,Black Angus Ιρλανδίας Χτένι Βοείου Τιμή Κιλού,3.54
2024-10-24,104164,Creta Farms Εν Ελλάδι Gourmet Χοιρινή Καπνιστή Μπριζόλα,2.68
2024-10-24,137124,Αγγελάκης Μπιφτέκι Κοτόπουλο Προψημένο 500gr -15%,3.83
2024-10-24,133980,Peter's Farm Osso Bucco Μοσχαράκι Γάλακτος Με Οστό,4.39
2024-10-24,137716,Άρτα Μπούτι Κοτόπουλο Νωπό Εγχώριο Τιμή Κιλού,1.64
2024-10-24,137308,Κοντοσούβλι Κοτόπουλου Ελληνικό Νωπό,2.55
2024-10-24,133003,Τρανς Βοείου Γερμανίας Άνευ Οστού (Επιλογή: Τρανς- Ουρά- Νουά- Τουρτουγκίτα),3.42
2024-10-24,134115,Κεφτεδάκια Νωπά Εγχώρια Τιμή Κιλού,7.46
2024-10-24,133010,Ossobuco Μοσχάρι Ολλανδίας Γάλακτος Με Οστό,4.37
2024-10-24,137865,Πίνδος Στήθος Φιλέτο Κοτόπουλο Ελληνικό Νωπό 650gr -25%,9.68
2024-10-24,137578,Πίνδος Nuggets Κοτόπουλο 400gr -20%,4.98
2024-10-24,137544,Πίνδος Nuggets Κοτόπουλο 400gr,6.23
2024-10-24,158572,Λαυράκια Dicentrarchus Labrax Υδατοκαλλιέργειας 0-4-0-6kg,5.00
2024-10-24,138407,Mimikos Nuggets Κοτόπουλο Ελληνικά Δισκάκια Νωπά 480gr,5.55
2024-10-24,146284,YFF 2 Μερίδες Φιλέτου Σολομού Κατεψυγμένες 2x125gr,12.95
2024-10-24,133991,Black Angus Ιρλανδίας Καρδιά Σπάλας Βοείου Τιμή Κιλού,3.19
2024-10-24,137245,Μιμίκος Nuggets Κοτόπουλου Τραγανά 400gr,5.99
2024-10-24,137914,My Fresco Φιλέτο Μπούτι Κοτόπουλο Ελληνικό 700gr,7.60
2024-10-24,105996,Best Price Λουκάνικο Χωριάτικο Χωρίς Γλουτένη 300gr,2.00
2024-10-24,137833,Ελαιοπουλάκι Φιλέτο Στήθος Κοτόπουλο 600gr,8.62
2024-10-24,137289,Mimikos Κοτολιχουδιές Σνίτσελ Βιενουά Κοτόπουλο 320gr,3.75
2024-10-24,135032,Αρνί Ελληνικό Τιμή Κιλού,9.98
2024-10-24,137912,My Fresco Στήθος Κοτόπουλο Ελληνικό 530gr,4.80
2024-10-24,137882,Πίνδος Τηγανιά Κοτόπουλου Μαριναρισμένη Ελληνική Τιμή Κιλού,5.75
2024-10-24,133411,Φάρμα Ελασσόνας Rib Eye Βοείου Νωπό 400gr,10.57
2024-10-24,137611,Νιτσιάκος Φιλέτο Μπούτι Ελληνικό Νωπό 700gr (-20%),6.84
2024-10-24,137818,Mimikos Μπιφτέκι Κοτόπουλο Ελληνικό Νωπό 320gr,4.40
2024-10-24,137915,My Fresco Κοπανάκι Κοτόπουλο Ελληνικό 650gr,5.50
2024-10-24,137284,Mimikos Μπούτια Κοτόπουλου Ελληνικά 800gr (+35% Δωρεάν Προϊόν),8.25
2024-10-24,137613,Νιτσιάκος Κοπανάκι Ελληνικό Νωπό 650gr -20% Φθηνότερα,4.08
2024-10-24,137528,Νιτσιάκος Φιλέτο Μπούτι Ελληνικό Νωπό 700gr,8.55
2024-10-24,158700,Κρανιός Μυλοκόπι Argyrosomus Regius Υδατ.0-5Kg-1Kg Ελληνικό,7.99
2024-10-24,137529,Νιτσιάκος Κοπανάκι Ελληνικό Νωπό 650gr,5.10
2024-10-24,137263,Mimikos Μπούτι Φιλέτο Κοτόπουλο Ελληνικό Νωπό 650gr,11.60
2024-10-24,133239,Megas Yeeros Μπιφτέκι Πολίτικο 80gr,2.25
2024-10-24,137071,Το Χωρικό Κοτόπουλο 65% Νωπό Τιμή Κιλού,6.59
2024-10-24,137166,Πίνδος Μισό Κοτόπουλο Ελληνικό Ελευθέρας Βοσκής Τιμή Κιλού -20%,4.66
2024-10-24,137505,Νιτσιάκος Μπούτι Γαλοπούλα Vacuum Τιμή Κιλού,6.37
2024-10-24,134039,Ρολό Χοιρινό Γεμιστό Νωπό,10.55
2024-10-24,109237,Αργώ Γαύρος Μαρινάτος 90gr,2.89
2024-10-24,133627,Μπριζόλα Βοείου Ελληνική Νωπή Με Οστό,7.12
2024-10-24,137897,Νιτσιάκος Σνίτσελ Ελληνικά Κοτόπουλα 390gr -0-50€,3.34
2024-10-24,102716,Creta Farms Λουκάνικα Χωριάτικα Με Γραβιέρα Κρήτης 400gr,4.15
2024-10-24,105712,Πίνδος Λουκάνικο Χωριάτικο Κοτόπουλου 380gr -20%,3.51
2024-10-24,109247,Αργώ Ρέγγα Φιλέτο Καπνιστό 90gr,2.47
2024-10-24,137160,Πίνδος Μισό Κοτόπουλο Ελληνικό Ελευθέρας Βοσκής Τιμή Κιλού,7.28
2024-10-24,109243,Καραγκούνη Ρέγγα Χρυσοκαπνιστή Τιμή Κιλού,2.99
2024-10-24,137820,Νιτσιάκος Σνίτσελ Ελληνικό Κοτόπουλο 390gr,3.71
2024-10-24,137400,Mimikos Φιλετίνια Ελληνικά Πανέ Νωπά 400gr,7.55
2024-10-24,137869,Πίνδος Κοπανάκι Κοτόπουλο Ελληνικό Νωπό 600gr -25%,5.70
2024-10-24,133312,Σπαλομπριζόλα Βοείου Γερμανίας Νωπή Με Οστό,9.68
2024-10-24,137158,Πίνδος Κοκόρια Ελληνικά Νωπά Τιμή Κιλού,11.55
2024-10-24,139006,Λουκάνικα Χωριάτικα Καπνιστά Με Πράσο,5.99
2024-10-24,137405,Mimikos Cordon Bleu Ελληνικό Νωπό 480gr -0-70€,7.30
2024-10-24,137401,Mimikos Cordon Blue Ελληνικό Νωπό 480gr,8.00
2024-10-24,134539,Meatka Μπιφτέκι Βόειο Με Κασέρι Ε.Ε. Δισκάκι 600gr,6.63
2024-10-24,134034,Χοιρινή Μπριζόλα Ελληνικής Επεξεργασίας Με Κόκαλο Καπνιστή Τιμή Κιλού,3.20
2024-10-24,137218,Πίνδος Κοτόπουλο Ελληνικό Νωπό Βιολογικό,18.53
2024-10-24,133410,Φάρμα Ελασσόνας Burger Νωπό 300gr,4.59
2024-10-24,158703,Φαγκρί Sparus Pagrus Υδατοκαλλιέργειας Ελλάδος. 0.6-0.8Kg,8.74
2024-10-24,137024,Αγγελάκης Ρολό Κοτόπουλο Νωπό Τυποποιημένο,15.54
2024-10-24,137916,My Fresco Φτερούγες Κοτόπουλο Ελληνικό 800gr,2.70
2024-10-24,134422,Φάρμα Ελασσόνας BBQ Steak Νωπό Ελληνικό 400gr,5.19
2024-10-24,137261,Mimikos Κοπανάκια Κοτόπουλο Ελληνικό Νωπό 590gr,6.08
2024-10-24,137531,Νιτσιάκος Κοτόπουλο Ελληνικό Νωπό 9τεμ,8.78
2024-10-24,102512,Μουτεβελής Λουκάνικα Τύπου Καλαμάτας Καπνιστό Πορτοκάλι 400gr,5.95
2024-10-24,144494,Freskos Φιλέτα Πέστροφας Καρπενησίου Πανέ Κατεψυγμένα 250gr,8.50
2024-10-24,102294,Πρίτσας Χωριάτικο Λουκάνικο Καυτερό 400gr,3.96
2024-10-24,133018,Μπριζόλα Βοείου Γερμανίας Νωπή Με Κόκαλο Τιμή Κιλού,3.25
2024-10-24,109841,Φιλέτο Ling Νορβηγίας Υγράλατο Τιμή Κιλού,3.73
2024-10-24,137831,Ελαιοπουλάκι Κοτόπουλο Νωπό 65% Δισκάκι (Τιμή Κιλού),9.64
2024-10-24,137501,Νιτσιάκος Φιλέτο Στήθος Γαλοπούλα Vacuum Τιμή Κιλού,12.10
2024-10-24,137910,My Fresco Ολόκληρο Κοτόπουλο Ελληνικό Δισκάκι 1-8-2-0kg Τιμή Κιλού,7.80
2024-10-24,137255,Μιμίκος Κοτόπουλο Ελληνικό Νωπό Τ.65% -25% Τιμή Κιλού,7.90
2024-10-24,137286,Mimikos Πικάντικα Σνίτσελ Κοτόπουλου 470gr -0.50€,6.70
2024-10-24,137526,Νιτσιάκος Κοτόπουλο Φτερούγα Ελληνική Νωπή 800gr,3.08
2024-10-24,137250,Mimikos Κοτόπουλο Ελληνικό Νωπό Τιμή Κιλού,11.20
2024-10-24,137899,Νιτσιάκος Cordon Blue Ελληνικό Κοτόπουλο 380gr -0-50€,3.11
2024-10-24,137207,Mimikos Φτερούγες Κοτόπουλο Πικάντικες Ελληνικές 600gr,3.95
2024-10-24,134421,Φάρμα Ελασσόνας Μπριζόλα Χοιρινή Τσεκουράτη Τιμή Κιλού,4.77
2024-10-24,137868,Πίνδος Φτερούγες Κοτόπουλο Ελληνικό Δισκάκι Νωπό 720gr -25%,3.08
2024-10-24,133019,Μοσχάρι Γάλακτος Κόντρα Ολλανδίας Με Οστό Τιμή Κιλού,7.16
2024-10-24,104409,Μπατανιάν Σουτζούκι Πολίτικο Πέταλο (Τιμή Κιλού),5.48
2024-10-24,137089,Αγγελάκης Nuggets Μπουκιές Κοτόπουλου Πανέ Προψημένες 400gr,5.95
2024-10-24,137564,Νιτσιάκος Κοτόπουλο Νωπό Ελληνικό Δισκάκι -30%,8.80
2024-10-24,109280,Τρυφωνίδης Αντζούγιες Φιλέτο Τιμή Κιλού,4.79
2024-10-24,134560,Meatka Σεφταλιά Τύπου Κύπρου Ευρωπαϊκής Ένωσης Συσκευασμένο,10.76
2024-10-24,139005,Λουκάνικα Χωριάτικα Καπνιστά,5.99
2024-10-24,137720,Άρτα Ολόκληρο Κοτόπουλο Αποστεωμένο Νωπό Εγχώριο,11.05
2024-10-24,105371,Τσικάκης Γιαννόπουλος Σύγκλινο Μάνης,4.66
2024-10-24,137506,Πίνδος Ρολό Κοτόπουλο Ελληνικό Γεμιστό Νωπό,13.08
2024-10-24,137283,Mimikos Φτερούγες Ελληνικές Νωπές 650gr,4.10
2024-10-24,133998,Blank Angus Ιρλανδίας Πικάνια Βοείου Τιμή Κιλού,5.60
2024-10-24,109751,Didimos Πέστροφα Καπνιστή Εγχώρια Τιμή Κιλού,10.89
2024-10-24,134580,ΜΕΑΤΚΑ Κασερλί Ευρωπαϊκής Ένωσης 500gr,5.73
2024-10-24,102504,Μουτεβελής Λουκάνικο Χωριάτικο Καπνιστό Πράσο 360gr,4.96
2024-10-24,137884,Πίνδος Μπούτι Κοτόπουλο Μπαχαρωμένο Grill Σούβλας Ελληνικό Τιμή Κιλού,3.69
2024-10-24,138245,Λουκάνικο Εκτρεφόμενου Μαύρου Χοίρου Ελληνικό με Πράσο 340gr,4.06
2024-10-24,137527,Νιτσιάκος Φιλέτο Στήθος Ελληνικό Νωπό 700gr,8.92
2024-10-24,109260,Καραγκούνη Σκουμπρί Φέτα 1-2kg Τιμή Κιλού,2.81
2024-10-24,102184,Θράκης Γεύσεις Λουκάνικο Χωριάτικο Με Γραβιέρα 380gr,6.58
2024-10-24,133956,Angus Μπριζόλα Άνευ Οστού Rib Eye Αργεντινής 240gr,13.43
2024-10-24,133990,Blank Angus Ιρλανδίας Rib Eye Βοείου Τιμή Κιλού,9.60
2024-10-24,137280,Άγιος Ιωάννης Κοτόπουλο Ελληνικό Νωπό Τιμή Κιλού,6.64
2024-10-24,139094,Στρακάκια Λουκανικομπουκιές Σε Ξυλάκι 200gr,2.99
2024-10-24,109238,Αργώ Αντσούγιες Φιλέτο 90gr,4.04
2024-10-24,109279,Τρυφωνίδης Σαρδέλες Παστές Τιμή Κιλού,2.48
2024-10-24,109289,Τρυφωνίδης Ρέγγα Φιλέτο Καπνιστό Vacuum,7.40
2024-10-24,104028,Αντωνάκη Μπριζόλα Καπνιστή Μέλι 210gr,3.49
2024-10-24,134547,Λαιμός Χοιρινός Ολλανδίας Άνευ Οστού Νωπός Τιμή Κιλού,1.86
2024-10-24,133958,Angus Μπούτι Κιλότο (Rump) 240gr,7.25
2024-10-24,109258,Καραγκούνη Αντζούγια Ν1 Τιμή Κιλού,2.23
2024-10-24,134424,Φάρμα Ελασσόνας Σπάλα Χοιρινή Άνευ Οστού Τιμή Κιλού,8.39
2024-10-24,150306,Πίνδος Κοπανάκια Κοτόπουλου Πανέ Κατεψυγμένα 600gr,6.59
2024-10-24,102517,Μουτεβελής Λουκάνικο Χωριάτικο Καπνιστό Μοσχάρι 360gr,5.97
2024-10-24,137023,Αγγελάκης Κοτόπουλο Ελληνικό Νωπό Τιμή Κιλού,7.05
2024-10-24,139043,Βουβαλίσια Λουκάνικα Ελληνικά Νωπά,6.00
2024-10-24,137140,Πίνδος Κότα Ελληνική Τιμή Κιλού,8.18
2024-10-24,151148,Πίνδος Nuggets Κοτόπουλου Κατεψυγμένα 500gr,6.10
2024-10-24,137576,Πίνδος Κοπανάκι Κοτόπουλο Πανέ 400gr -20%,4.40
2024-10-24,109249,Αργώ Ουζομεζές Ποικιλία 90gr,2.47
2024-10-24,109259,Καρακαγκούνη Ρέγγα Φιλέτο Καπνιστό Τιμή Κιλού,27.36
2024-10-24,109281,Τρυφωνίδης Τονολακέρδα Λευκή Τιμή Κιλού,11.46
2024-10-24,109250,Αργώ Χταπόδι Πλοκάμι Μαρινάτο 90gr,5.02
2024-10-24,133957,Angus Κόντρα Βόειο Άνευ Οστού (Striploin) 240gr,9.69
2024-10-24,137575,Πίνδος Burger Κοτόπουλου 370gr -20% Φθηνότερα,4.20
2024-10-24,149124,Αρνίσιες Μπόλιες Ισπανίας Πορτογαλίας Κατεψυγμένες,1.17
2024-10-24,139000,Συμπόσιον Μπριζόλα Χοιρινή Καπνιστή (Τιμή Κιλού),6.96
2024-10-24,133955,Angus Φιλέτο Βόειο (Fillet Steak) Αργετινής Νωπό 240gr,14.99
2024-10-24,109816,Μπακαλιάρος Νορβηγίας Υγράλατος Χονδρός Τιμή Κιλού,15.44
2024-10-24,145114,Πίνδος Φιλετάκια Κοτόπουλο Πανέ 500gr,7.25
2024-10-24,109288,Τρυφωνίδης Σκουμπρί Φιλέτο Καπνιστό XL Vacuum,7.42
2024-10-24,137031,Αγγελάκης Κοτόπουλο Ελληνικό Νωπό Δισκάκι,14.80
2024-10-24,109190,Deli Fish Σκουμπρί Καπνιστό Ακέφαλο Vacuum,4.41
2024-10-24,134026,Ρολό Χοιρινό Ολλανδίας Ψημένο,13.46
2024-10-24,137710,Αμβροσιάδης Κοτόπουλο Νωπό Ελληνικό Συσκευασία Τιμή Κιλού,7.05
2024-10-24,109282,Τρυφωνίδης Ουζομεζές Τιμή Κιλού,5.20
2024-10-24,109823,Ling Με Κόκκαλο Νορβηγίας (Τιμή Κιλού),5.23
2024-10-24,113637,ΝΟΥΝΟΥ Family Πλήρες 1-5lt,2.72
2024-10-24,113639,ΝΟΥΝΟΥ Family 1-5% Λιπαρά Light 1-5lt,2.72
2024-10-24,250223,My Kouzina Συμπυκνωμένο Γάλα Light 410gr,0.90
2024-10-24,113473,My Gusto Γάλα Υψηλής Θερμικής Επεξεργασίας 1-5% Λιπαρά 1 lt,1.05
2024-10-24,111099,My Kouzina Αυγά 10αδα 53-63G (M),2.00
2024-10-24,113724,ΔΕΛΤΑ μμμMILK Οικογενειακό Γάλα 3-5% Λιπαρά 1-5lt,2.15
2024-10-24,113725,ΔΕΛΤΑ μμμMILK Οικoγενειακό Γάλα 1-5% Λιπαρά 1-5lt,2.15
2024-10-24,250224,My Kouzina Συμπυκνωμένο Γάλα 410gr,0.94
2024-10-24,113451,My Gusto Γάλα Υψηλής Θερμικής Επεξεργασίας 3-5% Λιπαρά 1 lt,1.05
2024-10-24,117706,My Gusto Γιαούρτι Στραγγιστό 2% Λιπαρά 1kg,2.50
2024-10-24,111132,My Koyzina Αυγά 15τεμ 53-63gr Medium,3.04
2024-10-24,111000,Χρυσά Αυγά Φρέσκα 10άδα,2.76
2024-10-24,250072,ΝΟΥΝΟΥ Εβαπορέ Γάλα Light 400gr,1.26
2024-10-24,117225,ΦΑΓΕ Total Γιαούρτι Στραγγιστό 2% 3x200gr -1-00€,2.65
2024-10-24,113264,My Fresco Αγελαδινό Γάλα Πλήρες 1lt,1.00
2024-10-24,113511,Όλυμπος Γάλα Φρέσκο Επιλεγμένο Ελαφρυ 1lt,1.49
2024-10-24,117654,Στάμου Ρυζόγαλο Χωρίς Γλουτένη 180gr,1.12
2024-10-24,669310,Χρυσά Αυγά Φρέσκα 6Αδα 53-63G Μedium,2.73
2024-10-24,113635,ΝΟΥΝΟΥ Family Γάλα 3-6% Λιπαρά Πλήρες 1lt,1.94
2024-10-24,117836,My Gusto Γιαούρτι Στραγγιστό 2% Λιπαρά 3x200gr,1.75
2024-10-24,250071,ΝΟΥΝΟΥ Εβαπορέ Γάλα 400gr,1.26
2024-10-24,113638,ΝΟΥΝΟΥ Family Light 1lt,1.94
2024-10-24,117704,My Gusto Γιαούρτι Στραγγιστό 10% Λιπαρά 1kg,2.50
2024-10-24,122241,Βιτάμ Πακέτο Φυτικό 200gr,1.05
2024-10-24,117280,ΝΟΥΝΟΥ στραγγιστό γιαούρτι 1-5% 3x200gr 2+1 Δώρο,3.42
2024-10-24,121723,Lurpak Soft Light Μειωμένα Λιπαρά Ανάλατο 225gr,2.97
2024-10-24,113619,Όλυμπος Μεγαλώνω Γάλα Αγελάδος 1 lt,2.35
2024-10-24,253020,Adoro Γάλα Μακράς Διάρκειας 1-5% Easy Open 1lt,1.16
2024-10-24,250070,ΝΟΥΝΟΥ Εβαπορέ Γάλα Multipack 6 x 400gr,7.56
2024-10-24,113407,ΝΟΥΝΟΥ Family Χωρίς Λακτόζη 1lt,2.60
2024-10-24,250001,ΝΟΥΝΟΥ Εβαπορέ Γάλα 170gr,0.75
2024-10-24,255002,ΝΟΥΝΟΥ Εβαπορέ Γάλα Μερίδες Δίχτυ Light 10x15gr,1.17
2024-10-24,117752,Όλυμπος Γιαούρτι Στραγγιστό 2% Λιπαρά 3x200gr,3.02
2024-10-24,113723,ΔΕΛΤΑ μμμMILK Οικεγενειακό Γάλα 1-5% Λιπαρά 1lt,1.55
2024-10-24,113265,My Fresco Αγελαδινό Γάλα Ελαφρύ 1lt,1.00
2024-10-24,114082,Ροδόπη Κρέμα Βανίλια 160gr,1.11
2024-10-24,122274,Βιτάμ Soft 200gr,1.54
2024-10-24,114399,Κουκάκη Κεφιρ Φράουλα-Βύσσινο-Βατόμουρο 330ml,1.33
2024-10-24,250069,ΝΟΥΝΟΥ Εβαπορέ Γάλα Light Multipack 6 x 400gr,7.56
2024-10-24,113722,ΔΕΛΤΑ μμμMILK Οικογενειακό Γάλα 3-5% Λιπαρά 1lt,1.55
2024-10-24,113209,Όλυμπος Βio Μεγαλώνω Παιδικό Ρόφημα Γάλακτος 1lt,2.78
2024-10-24,118858,ΝΟΥΝΟΥ Στραγγιστό Γιαούρτι 1-5 % 1kg Με Έκπτωση 0-50€,4.21
2024-10-24,250016,ΝΟΥΝΟΥ Εβαπορέ Γάλα Light 170gr,0.75
2024-10-24,113439,Όλυμπος Γάλα Μεγαλώνω Κατσικίσιο Βιολογικό 2-5% 1lt,3.35
2024-10-24,118698,Arla Protein Επιδόρπιο Πουτίγκα Σοκολάτα Χωρίς Λακτόζη 200gr,1.68
2024-10-24,122246,Super Fresco 200gr,0.91
2024-10-24,652303,Ροδόπη Γάλα Κατσικίσιο Πλήρες 1lt,2.80
2024-10-24,113214,Όλυμπος Γάλα Χωρίς Λακτόζη Freelact 1-5%1lt,2.74
2024-10-24,119208,Ροδόπη Επιδόρπιο Γάλακτος Αγελάδος Κρέμα Σοκολάτα 160gr,1.11
2024-10-24,117837,My Gusto Γιαούρτι Στραγγιστό 10%Λιπαρά 3x200gr,1.75
2024-10-24,115612,Όλυμπος Φυσικός Χυμός Μήλο- Πορτοκάλι- Καρότο 250ml,1.15
2024-10-24,115026,Όλυμπος Φυσικός Χυμός 9 Φρουτα 250ml,1.21
2024-10-24,113656,Alpro Ρόφημα Αμυγδάλου Χωρίς Ζάχαρη 1lt,2.23
2024-10-24,118918,Ροδόπη Γιαούρτι Κατσικίσιο Παραδοσιακό 200gr,1.32
2024-10-24,255221,Adoro Εβαπορέ Γάλα Μερίδες Δίχτυ 10τεμ,0.86
2024-10-24,113365,Advance Γάλα Υψηλής Παστερίωσης 1 lt,2.11
2024-10-24,250221,My Kouzina Γάλα Ζαχαρούχο 397gr,1.19
2024-10-24,120129,Στάμου Κρέμα 180gr,1.15
2024-10-24,117233,ΦΑΓΕ Total Γιαούρτι Στραγγιστό 5% Λιπαρά 3x200gr -1-00€,2.65
2024-10-24,113620,Όλυμπος Μεγαλώνω Γάλα Κατσικίσιο 1 lt,3.02
2024-10-24,116447,ΝΟΥΝΟΥ Κρέμα Γάλακτος Light 200ml 2+1 Δώρο,3.08
2024-10-24,113581,Όλυμπος Γάλα Κατσικίσιο Πλήρες 3-7% Λιπαρά 1lt,2.84
2024-10-24,116446,ΝΟΥΝΟΥ Κρέμα Γάλακτος Light 200ml,1.54
2024-10-24,115618,Όλυμπος Πράσινο Τσάι Zero Λεμόνι 500ml,1.51
2024-10-24,111123,Χρυσά Αυγά Ελευθέρας Βοσκής Διάφορα Μεγέθη 6αδα -0-50€,3.34
2024-10-24,117057,ΦΑΓΕ Total Γιαούρτι Στραγγιστό 2% Λιπαρά 500gr -0-50€,2.28
2024-10-24,118919,Ροδόπη Γιαούρτι Πρόβειο 200gr,1.41
2024-10-24,114083,Ροδόπη Ρυζόγαλο 160gr,1.11
2024-10-24,111128,My Kouzina Αυγά Βιολογικά Αγρόκτημα Δομοκού 6άδα 53-63gr Medium,2.48
2024-10-24,121507,Lurpak Soft Ανάλατο Σκαφάκι 225gr,3.92
2024-10-24,113425,Vitaline Pudding Choco 200gr,1.98
2024-10-24,117279,ΝΟΥΝΟΥ Στραγγιστό Γιαούρτι 5% 3x200gr 2+1 Δώρο,3.42
2024-10-24,250220,My Kouzina Συμπυκνωμένο Γάλα 170gr,0.49
2024-10-24,113457,ΝΟΥΝΟΥ Kid Ρόφημα Γάλακτος 1-5lt -0-40€,2.47
2024-10-24,113423,Εκλεκτές Γεύσεις Φρέσκο Γάλα 3-7% Λιπαρά 1lt,1.18
2024-10-24,115605,Όλυμπος Φυσικός Χυμός Πορτοκάλι 250ml,1.25
2024-10-24,250068,ΝΟΥΝΟΥ Εβαπορέ Γάλα Kid Prebiotic Multipack 6 x 400gr,7.92
2024-10-24,111133,My Kouzina Αυγά 10αδα Αχυρώνα 53-63gr Medium,3.10
2024-10-24,111307,Βλαχάκη Αυγά Ημέρας Έξτρα Φρέσκα 6αδα 63-73G,2.10
2024-10-24,255001,ΝΟΥΝΟΥ Εβαπορέ Γάλα Μερίδες Δίχτυ 10x15gr,1.17
2024-10-24,114108,Όλυμπος Κεφίρ Φράουλα 330ml,1.30
2024-10-24,113436,Όλυμπος Ρόφημα Αμυγδάλου Χωρίς Ζάχαρη 1lt,3.00
2024-10-24,113162,ΔΕΛΤΑ Του Τόπου Μας Γάλα Υψηλής Παστερίωσης Πλήρες 1lt,1.87
2024-10-24,118785,Kρι Κρι Super Spoon Pudding Σοκολάτα 200gr,1.89
2024-10-24,117351,Όλυμπος Γιαούρτι Στραγγιστό Χωρίς Λακτόζη Freelact 2-0% 2x170gr,2.72
2024-10-24,122269,Βιτάμ Soft Φυτικό 400gr,2.29
2024-10-24,111083,Χρυσά Αυγά Βιολογικά 6αδα 53-63G Medium -0-40€,4.48
2024-10-24,115175,Life Χυμός Μήλο- Πορτοκάλι & Καρότο 1-5lt,2.65
2024-10-24,120095,My Gusto Παραδοσιακή Κρέμα Βανίλια 180gr,0.75
2024-10-24,113706,Milko Σοκολατούχο Γαλά Free Φιάλη 450ml,1.67
2024-10-24,116701,ΝΟΥΝΟΥ Στραγγιστό Χωρίς Λακτόζη 1-5% 2x175gr,2.16
2024-10-24,120096,My Gusto Παραδοσιακό Ρυζόγαλο 180gr,0.75
2024-10-24,121427,Adoro Βούτυρο Γερμανίας 250gr,3.68
2024-10-24,117504,Κρι Κρι Γιαούρτι Στραγγιστό 2% Λιπαρά 3x200gr 2+1 Δώρο,2.73
2024-10-24,118003,Αγελαδίτσα Γιαούρτι 2% Λιπαρά 3x200 (2+1),1.70
2024-10-24,250007,ΝΟΥΝΟΥ Εβαπορέ Γάλα Γεύσεις Σπιτικές 400gr,1.04
2024-10-24,113424,Εκλεκτές Γεύσεις Φρέσκο Γάλα 1-5% Λιπαρά 1lt,1.18
2024-10-24,113497,Ροδοπάκι Γάλα Κακάο 1-7% Λιπαρά 500ml Δώρο 50ml,1.33
2024-10-24,118697,Arla Protein Επιδόρπιο Πουτίγκα Αλ. Καραμέλα Χωρίς Λακτόζη 200gr,1.68
2024-10-24,113150,ΝΟΥΝΟΥ Family Γάλα Βιολογικό Πλήρες 1lt,2.40
2024-10-24,108023,Advance Επιδόρπιο 5 Αλεσμένα Δημητριακά 2x140gr,2.00
2024-10-24,121119,Όλυμπος Βούτυρο Αγελάδος 250gr,3.98
2024-10-24,113495,Ροδοπάκι Γάλα Κακάο 1-7% 3x250ml με Έκπτωση -0-50€,1.99
2024-10-24,113527,Όλυμπος Γάλα Φρέσκο Επιλεγμένο 3-7%Λιπαρά 1-5lt,2.54
2024-10-24,118859,ΝΟΥΝΟΥ Στραγγιστό Γιαούρτι 5% 1kg Με Έκπτωση 0-50€,4.21
2024-10-24,122251,Φαστ Soft 440gr,1.98
2024-10-24,251001,ΝΟΥΝΟΥ Γάλα Ζαχαρούχο 397gr,1.88
2024-10-24,113583,Όλυμπος Γάλα Ζωής 3-7% Λιπαρά 1-5lt,2.60
2024-10-24,111341,Βλαχάκη Αυγά Ελευθέρας Βοσκής 320gr -0-50€,3.21
2024-10-24,250197,Βλαχας Εβαπορέ Γάλα Ελαφρύ 410gr,1.10
2024-10-24,113167,ΔΕΛΤΑ Του Τόπου Μας Γάλα Υψηλής Παστερίωσης Ελαφρύ 1lt,1.87
2024-10-24,117133,ΦΑΓΕ Total Γιαούρτι Στραγγιστό 1kg -1€,3.88
2024-10-24,113393,Εβόλ Γιαούρτι Πρόβειο 2%Λιπαρά 250gr,1.19
2024-10-24,114038,Όλυμπος Γάλα Κεφίρ 1% 500ml,1.50
2024-10-24,115616,Όλυμπος Τσάι Βουνού Ροδάκινο 500ml,1.47
2024-10-24,118434,Μεβγάλ Creme Καραμελέ 150gr,1.10
2024-10-24,117843,My Gusto Γιαούρτι Αγελάδος 2% Λιπαρά 3x200gr,1.35
2024-10-24,118834,NOYNOY Powerbowl Μπισκότο Ολικής Chia & Λιναρόσπορος 2% 2x175gr -0-50€,1.86
2024-10-24,114092,Όλυμπος Φυσικός Χυμός 9 Φρούτα 1-5lt,3.95
2024-10-24,117666,Στάμου Γιαούρτι Η Κατσικούλα Πλαστικό 240gr,1.65
2024-10-24,113318,Δέλτα Καθημερινά Φρέσκο Γάλα Ελαφρύ 1 lt,1.69
2024-10-24,122253,Φαστ Classic 225gr,0.96
2024-10-24,118554,Κρι Κρι Επιδ/πιο Γιαουρτιού Φράουλα+Σοκομπιλ 3x150gr -0-60€,3.24
2024-10-24,115229,Life Χυμός Μήλο-Πορτοκάλι-Καρότο Μπουκάλι 1lt,2.07
2024-10-24,117454,Όλυμπος Γιαούρτι Στραγγιστό 2% 1kg,3.71
2024-10-24,111070,Χρυσά Αυγά Ημέρας 6άδα 63-73g (L),3.09
2024-10-24,121081,ΝΟΥΝΟΥ Βούτυρο Ανάλατο 250gr -1-00€,3.33
2024-10-24,114039,Κουκάκη Κεφίρ 330ml,1.20
2024-10-24,122267,Super Fresco Soft 200gr,0.89
2024-10-24,122238,Becel ProActiv Κλασικό 450gr,5.83
2024-10-24,117056,ΦΑΓΕ Total Γιαούρτι Στραγγιστό 500gr (-0-50€),2.28
2024-10-24,113910,Alpro Ρόφημα Αμύγδαλο-Σοκολάτα 1lt,2.59
2024-10-24,113258,Δέλτα Καθημερινά Φρέσκο Γάλα Πλήρες 2 lt,3.30
2024-10-24,113552,ΔΕΛΤΑ Ρόφημα Αμύγδαλο Χωρίς Ζάχαρη 1lt,2.06
2024-10-24,115601,Όλυμπος Φυσικός Χυμός Πορτοκάλι 1lt,3.17
2024-10-24,115082,Στάμου Ζελέ Cream 170gr,1.19
2024-10-24,158442,Στεργίου Ζελέ Φράουλα Χωρίς Ζάχαρη 150gr,1.38
2024-10-24,120025,Ροδόπη Κρέμα Καραμέλα 160gr,0.83
2024-10-24,116047,Torre Κρέμα Γάλακτος 200ml,0.98
2024-10-24,113210,Όλυμπος Γάλα Κατσικίσιο Βιολογικό 3-7% Λιπαρά 1lt,3.28
2024-10-24,111327,Βλαχάκη Αυγά 15αδα 63-73gr (L) 13+2 Δώρο,5.97
2024-10-24,113135,Δέλτα Του Τόπου Μας Με Κακάο 500ml,1.57
2024-10-24,111130,My Kouzina Αυγά 10αδα Αχυρώνα 63-73gr Large,3.25
2024-10-24,118203,Μεβγαλ Κρέμα Βανίλια 150gr -0-15€,0.97
2024-10-24,113070,Arla Protein Milk Shake Choco BCAA 250ml,1.82
2024-10-24,115070,ΔΕΛΤΑ Smart 100% Φυσικός Χυμός Κεράσι-Φράουλα 200ml,1.12
2024-10-24,115629,Όλυμπος Φυσικός Χυμός Μήλο Πορτοκάλι Καρότο 1lt,2.10
2024-10-24,121508,Lurpak Soft Αλατισμένο Σκαφάκι 225gr,3.92
2024-10-24,117094,Μεβγάλ Γιαούρτι Κατσικίσιο Παραδοσιακό 220gr,1.44
2024-10-24,118560,Κρι Κρι Επιδόρπιο Γιαουρτιού Peppa Pig 3 Φρούτα 3x140gr 2+1 Δώρο,2.66
2024-10-24,652270,Ροδόπη Freelact Γάλα Χωρίς Λακτόζη 1lt,2.64
2024-10-24,117808,Μεβγαλ Γιαούρτι Παραδοσιακό Πρόβειο 280gr,1.82
2024-10-24,118292,Κρι Κρι Babies Γιαούρτι Παιδικό 2x140gr,2.08
2024-10-24,118705,Μεβγάλ Ρυζόγαλο Πολίτικο Με Κανέλα 150gr (-0-15€),0.98
2024-10-24,113152,ΝΟΥΝΟΥ Family Γάλα Βιολογικό Ελαφρύ 1lt,2.40
2024-10-24,113582,Όλυμπος Γάλα Ζωής 1-7% Λιπαρά 1-5lt,2.60
2024-10-24,118426,Κρι Κρι Γιαούρτι Αγελάδος Χωρίς Λακτόζη 2% Λιπαρά 3x200gr(2+1 Δώρο),2.34
2024-10-24,118839,NOYNOY Power Bowl Μπανάνα Βρώμη & Μαύρη Σοκολάτα 2% 2x175gr -0-50€,1.86
2024-10-24,113490,Όλυμπος Καρπός Ρόφημα Βρώμη Φουντούκι 1 lt,3.10
2024-10-24,114404,Μεβγάλ Κεφίρ Προβιοτικό Ρόφημα 500ml,1.35
2024-10-24,118914,Ροδόπη Γιαούρτι Κατσικίσιο Παραδοσιακό Bio 200gr,1.75
2024-10-24,117770,Όλυμπος Γιαούρτι Στραγγιστό 5% Λιπαρά 3x200gr,3.02
2024-10-24,113586,Όλυμπος Γάλα Κατσικίσιο Ελαφρύ 1-7% Λιπαρά 1lt,2.84
2024-10-24,111125,Χρυσά Αυγά Βιολογικά 10άδα 53G+ (9+1 Δώρο),6.89
2024-10-24,113213,ΝΟΥΝΟΥ Family Γάλα 0% Λιπαρά 1lt,1.94
2024-10-24,113668,Milko Σοκολατούχο Γάλα HP 3x250ml,2.01
2024-10-24,122189,My Kouzina Μαργαρίνη Soft 250gr,0.92
2024-10-24,121724,Lurpak Soft Με Μειωμένα Λιπαρά Και Ελαιόλαδο 225gr,2.97
2024-10-24,113705,Milko Σοκολατούχο Γαλά Φιάλη 450ml,1.66
2024-10-24,120007,Kinder Γαλακτοφέτες 5x140gr,3.06
2024-10-24,652281,Ροδόπη Κατσικίσιο Γάλα Ελαφρύ 1lt,2.82
2024-10-24,120128,Στάμου Chococream 180gr Xωρίς Γλουτένη 180gr,1.20
2024-10-24,250208,Adoro Εβαπορέ Γάλα Χάρτινο 500gr,1.22
2024-10-24,652256,Στάμου Γιαούρτι Αγελάδος 240gr,1.27
2024-10-24,113266,My Gusto Γιαούρτι Πρόβειο Παραδοσιακό 240gr,1.26
2024-10-24,108025,Advance Επιδόρπιο Αχλάδι-Βερίκοκο 2x140gr,2.00
2024-10-24,113350,Κουκάκη Γάλα Φρέσκο Πλήρες 3-7% Λιπάρα 1lt,1.82
2024-10-24,108133,Κρι Κρι Επιδόρπιο Γιαουρτιού Φράουλα-Δημητριακά 3x150gr -€0-60,2.99
2024-10-24,108019,Advance Επιδόρπιο Ροδάκινο-Μήλο-Βρώμη 2x140gr,2.00
2024-10-24,113528,Όλυμπος Γάλα Φρέσκο Επιλεγμένο 1-7% Λιπαρά 1-5lt,2.54
2024-10-24,118656,Κρι Κρι Στραγγιστό Γιαούρτι 2% 1kg -0-70€,3.56
2024-10-24,115025,Όλυμπος Φυσικός Χυμός 9 Φρούτα 1lt,3.27
2024-10-24,114053,Όλυμπος Γιαούρτι Κεφίρ 1% 2x150gr,2.35
2024-10-24,118772,Hipro Πουτίγκα Βανίλια 200gr,1.98
2024-10-24,120001,Ferrero Kinder Pingui Αφράτο Κέικ 4τεμ 30gr,2.57
2024-10-24,114105,Activia Τραγανή Απόλαυση 188gr,1.38
2024-10-24,118555,Κρι Κρι Επιδ/πιο Γιαουρτιού Μπανάνα+Σοκομπιλ 3x150gr -0.60€,3.24
2024-10-24,113516,Όλυμπος Γάλα Ζωής Παστεριωμένο 3-7% 1lt,1.78
2024-10-24,113897,Alpro Ρόφημα Σόγιας Βανίλια 1lt,2.59
2024-10-24,117037,Στάμου Επιδόρπιο Κρέμας Βανίλια-Σοκολάτα 180gr,1.21
2024-10-24,115630,Όλυμπος Φυσικός Χυμός Πορτοκάλι 1-5lt,4.24
2024-10-24,118234,Μεβγάλ Επιδόρπιο Καϊμάκι-Βύσσινο 150gr,1.24
2024-10-24,113532,Δέλτα Του Τόπου Μας Με Κακάο 1 lt,2.59
2024-10-24,118699,Vitaline Pudding Caramel 200gr,1.98
2024-10-24,108000,Vitaline Pudding Vanilla 200gr,1.98
2024-10-24,117936,Όλυμπος Γιαούρτι Στραγγιστό 5% Λιπαρά 1kg,3.71
2024-10-24,111331,Βλαχάκη Ασπράδι Αυγού Παστεριωμένο 500gr,3.84
2024-10-24,116438,ΝΟΥΝΟΥ Κρέμα Γάλακτος 2x330ml -2-00€,5.64
2024-10-24,114107,Activia Τραγανή Απόλαυση Μέλι & Αμύγδαλα,1.42
2024-10-24,117904,Δωδώνη Γιαούρτι Κατσικίσιο Παραδοσιακό 240gr,1.25
2024-10-24,115210,Life Χυμός Πορτοκάλι 1-5lt,2.94
2024-10-24,113456,ΝΟΥΝΟΥ Kid Prebiotic 1lt -0-30€,1.69
2024-10-24,652244,Στάμου Ρυζόγαλο Χωρίς Προσθήκη Ζάχαρης Με Στέβια 180gr,1.27
2024-10-24,113629,Όλυμπος Γάλα Κατσικίσιο Βιολογικό 1-7% Λιπαρά 1lt,3.24
2024-10-24,116427,ΝΟΥΝΟΥ Κρέμα Γάλακτος Πλήρης 330ml,3.82
2024-10-24,118773,Hipro Πουτίγκα Καραμέλα 200gr,1.98
2024-10-24,118735,ΦΑΓΕ Total 2% με Μέλι Στραγγιστό Γιαούρτι 150gr 2+1 Δώρο,2.82
2024-10-24,109955,Knorr Σπιτικός Ζωμός Λαχανικών 8x28gr,2.84
2024-10-24,121509,Lurpak Soft Ανάλατο 500gr,7.83
2024-10-24,113359,Κουκάκη Chocofull Γάλα Σοκολατούχο 500ml,1.65
2024-10-24,120127,Στάμου Κρέμα Καραμελέ 150gr,1.34
2024-10-24,118055,Κρι Κρι Babies Grow Επιδόρπιο Μπανάνα Μήλο 2x140gr,2.12
2024-10-24,111315,Βλαχάκη Αυγά Βιολογικής Γεωργίας 6αδα,4.29
2024-10-24,115600,Όλυμπος Φυσικός Χυμός Πορτοκάλι 500ml,1.83
2024-10-24,118029,Κρι Κρι Babies Grow Επιδόρπιο Με Δημητριακά 2x140gr,2.12
2024-10-24,118787,Κρι Κρι Super Spoon Pudding Βανίλια 200gr,1.89
2024-10-24,113273,ΔΕΛΤΑ Του Τόπου Μας Γάλα Πλήρες 1-5lt,2.80
2024-10-24,115038,Όλυμπος Φυσικός Χυμός Μήλο Πορτοκάλι Καρότο 1-5lt,3.93
2024-10-24,118002,Αγελαδίτσα Γιαούρτι 4% Λιπαρά 3x200gr (2+1),1.70
2024-10-24,117486,Κρι Κρι Αγελάδος 2% Λιπαρά 200gr 2+1Δώρο,2.46
2024-10-24,108018,Advance Επιδόρπιο Φαρίν Λακτέ 2x140gr,2.00
2024-10-24,117838,My Gusto Επιδόρπιο Γιαουρτιού Ροδάκινο 2x200gr,1.40
2024-10-24,111081,Χρυσά Αυγά Βιολογικά 4Αδα 63-73G Large,3.88
2024-10-24,116509,Adoro Κρέμα Γάλακτος Light 18% Λιπαρά 200ml (2+1 Δώρο),2.93
2024-10-24,113740,Μy Gusto Γάλα Χωρίς Λακτόζη 1-5% 1lt,1.70
2024-10-24,652376,Eβόλ Γιαούρτι Πρόβειο 6-7% Λιπαρά 290gr,1.45
2024-10-24,114027,Υγεία Κεφίρ 300ml,1.25
2024-10-24,120094,My Gusto Επιδόρπιο Γάλα και Κακάο 180gr,0.75
2024-10-24,113647,Alpro Ρόφημα Αμυγδάλου 1lt,2.23
2024-10-24,250067,ΝΟΥΝΟΥ Noulac Prebiotic Εβαπορέ Multipack 6x400gr,7.92
2024-10-24,113510,Όλυμπος Βιολογικό Γάλα Παστεριωμένο 3-7% 1lt,2.38
2024-10-24,115166,Κάμπος Χίου Φρουτοποτό Λεμόνι 1lt,2.50
2024-10-24,113187,ΔΕΛΤΑ μμμmilk Ρόφημα Γάλακτος Χωρίς Λακτόζη 1lt,2.77
2024-10-24,113437,Όλυμπος Γάλα Αμυγδάλου Κακάο 1lt,3.15
2024-10-24,122245,Βιτάμ Soft Light 225gr,1.68
2024-10-24,118864,Μεβγάλ High Protein Επιδόρπιο Μπανάνα-Φυστικοβούτυρο 170gr,1.37
2024-10-24,116696,Complet Επιδόρπιο Γιαουρτιού 2% Λιπαρά 190gr 3τεμ -1-00€,2.72
2024-10-24,116513,Adoro Κρέμα Γάλακτος Light 200ml,1.47
2024-10-24,115230,Life Χυμός Πορτοκάλι Μπουκάλι 1lt,2.18
2024-10-24,113353,Δέλτα Του Τόπου Μας Πλήρες 500ml,1.27
2024-10-24,192168,Φρεσκούλης Σαλάτα Γεύμα Caesar's 260gr,4.25
2024-10-24,122000,Βιτάμ Soft Με Γιαούρτι 225gr,1.75
2024-10-24,113274,ΔΕΛΤΑ Του Τόπου Μας Γάλα Ελαφρύ 1-5lt,2.80
2024-10-24,119083,Ροδοπάκι Γάλα Κακάο 0% 3x250ml -0-50€,2.03
2024-10-24,114098,Δέλτα Smart Επιδόρπιο Γιαουρτιού Φράουλα 3x140gr (2+1),3.18
2024-10-24,118836,NOYNOY Power Bowl Ροδάκινο Βρώμη & Λιναρόσπορο 1-5% 2x175gr -0-50,1.86
2024-10-24,113228,Arla Protein Ρόφημα Γάλακτος Σοκολάτα 50% Λιγότερη Ζάχαρη 479ml,2.62
2024-10-24,117482,Τρίκκη Φρέσκο Γάλα Ελαφρύ 1% Λιπαρά 1lt,1.54
2024-10-24,122268,Βιτάμ Soft 800gr,5.45
2024-10-24,122252,Φάστ Soft 850gr,3.83
2024-10-24,118973,Όλυμπος Γιαούρτι Πρόβειο Παραδοσιακό 200gr,1.47
2024-10-24,117839,My Gusto Επιδόρπιο Γιαουρτιού Φράουλα 2x200gr,1.40
2024-10-24,115081,Στάμου Ζελέ Ροδάκινο & Φράουλα 165gr,1.14
2024-10-24,113311,Δέλτα Καθημερινά Φρέσκο Γάλα Ελαφρύ 2 lt,3.30
2024-10-24,652257,Στάμου Κρέμα Χωρίς Προσθήκη Ζάχαρης Με Στέβια 180gr,1.25
2024-10-24,113665,Alpro Ρόφημα Βρώμης Χωρίς Ζάχαρη 1 lt,2.24
2024-10-24,670919,Μεβγάλ Κεφίρ Φράουλα 500ml,1.70
2024-10-24,122263,Becel ProActiv Light 250gr,3.83
2024-10-24,115083,Στάμου Ζελέ Φράουλα 165gr,1.14
2024-10-24,118556,Κρι Κρι Επιδ/πιο Για/τιού Μπισκότο+Σοκομπιλ 3x150gr -0.60€,3.24
2024-10-24,115072,ΔΕΛΤΑ Smart 100% Φυσικός Χυμός Μήλο-Πορτοκάλι 200ml,1.12
2024-10-24,113470,Όλυμπος Καρπός Ρόφημα Αμυγδάλου Πρωτεΐνη1lt,3.30
2024-10-24,116448,ΝΟΥΝΟΥ Κρέμα Γάλακτος telia 200ml 2+1 Δώρο,3.10
2024-10-24,113715,Μεβγάλ Γάλα Protein Σοκολάτα330ml,2.29
2024-10-24,118738,ΦΑΓΕ Total 2% με Φράουλα Στραγγιστό Γιαούρτι 150gr 2+1 Δώρο,2.82
2024-10-24,120070,Novo Barista Ρόφημα Γάλακτος 1lt,1.36
2024-10-24,113085,Εβόλ Γιαούρτι Κατσικίσιο Βιολογικό 190gr,1.60
2024-10-24,118707,Arla Protein Πουτίγκα Φουντούκι 200gr,1.68
2024-10-24,113920,Δέλτα Ρόφημα Αμύγδαλο Χωρίς Ζάχαρη 1-5 lt,2.80
2024-10-24,122237,Becel ProActiv Κλασικό 225gr,3.63
2024-10-24,114106,Activia Τραγανή Απόλαυση 188gr 3τεμ,4.18
2024-10-24,117224,ΦΑΓΕ Total Γιαούρτι 0%Λιπαρά 3x170gr -1-00€,2.53
2024-10-24,111018,Αμερικάνικη Γεωργική Σχολή Αυγά Ω-3 6άδα 63-73G Μεγάλα,3.72
2024-10-24,113320,Όλυμπος Σοκολατούχο Γάλα 250ml,0.87
2024-10-24,652255,Στάμου Γιαούρτι Πρόβειο Πλαστικό 240gr,1.70
2024-10-24,108028,Μεβγάλ High Protein Επιδόρπιο Φράουλας 170gr,1.37
2024-10-24,113731,Στάμου Γάλα Φρέσκο 1lt,1.80
2024-10-24,118915,Ροδόπη Γιαούρτι Πρόβειο Παραδοσιακό Bio 200gr,1.75
2024-10-24,115091,Χριστοδούλου Φυσικός Χυμός Πορτοκάλι 1 lt,3.19
2024-10-24,120047,ΦΑΓΕ Γλυκοκουταλιές Risolat Βανίλια 3X170gr 2+1 Δώρο,1.76
2024-10-24,113514,Όλυμπος Βιολογικό Γάλα Παστεριωμένο 1-7% 1lt,2.38
2024-10-24,121725,Lurpak Βούτυρο Ανάλατο Αλουμινόφυλλο 250gr,4.45
2024-10-24,113077,Starbucks Caramel Macchiato 220ml,1.82
2024-10-24,115231,Frulite Φρουτοποτό Μανταρίνι Σαγκουίνι 1lt,1.95
2024-10-24,111052,Χρυσά Αυγά Ελευθέρας Βοσκής Ω3 6άδα (Μ) -0-50€,3.73
2024-10-24,116685,Harmony Gourmet Cream & Cookies + Brownies 160gr,1.68
2024-10-24,115614,Όλυμπος Φυσικός Χυμός Ρόδι- Μήλο- Σταφύλι 250ml,1.18
2024-10-24,109954,Knorr Σπιτικός Ζωμός Κότας 8x28gr,2.84
2024-10-24,118936,Ροδόπη Γιαούρτι Πρόβειο Παραδοσιακό Ελαφρύ 200gr,1.44
2024-10-24,120031,Granarolo Επιδόρπιο Μαύρη Σοκολάτα Με Πρωτεΐνη 200gr,1.78
2024-10-24,117820,Βελούδο Γιαούρτι Κατσικίσιο Στραγγιστό 170gr,2.15
2024-10-24,118866,Harmony Επιδόρπιο Γιαουρτιού Gourmet Choco & Brown 160gr,1.68
2024-10-24,119018,Alpro Ρόφημα Σόγιας Με Σοκολάτα Υψηλή Πρωτεΐνη 1lt,2.61
2024-10-24,116069,ΦΑΓΕ Κρέμα Γάλακτος Light 2x330ml -1-50€,2.79
2024-10-24,117066,Κουκάκη Γιαούρτι Στραγγιστό 2% Λιπαρά 3x200gr 2+1 Δώρο,3.42
2024-10-24,117907,ΦΑΓΕ Befree Στραγγιστό Γιαούρτι Χωρίς Λακτόζη 150gr 2+1 Δώρο,2.92
2024-10-24,121506,Lurpak Βούτυρο Ανάλατο Σκαφάκι 225gr,4.47
2024-10-24,113921,Alpro Ρόφημα Καρύδας Χωρίς Ζάχαρη 1lt,2.43
2024-10-24,117067,Κρι Κρι Superspoon Επιδόρπιο Γιαουρτιού Bluberry 2x170gr -0-50€,2.48
2024-10-24,120012,Μεβγάλ Maniacs Milky Cake Με Σοκολάτα 28gr 3+1 Δώρο,1.95
2024-10-24,113267,My Gusto Γιαούρτι Κατσικίσιο Παραδοσιακό 240gr,1.21
2024-10-24,116141,Όλυμπος Κρέμα Γάλακτος 20% 200ml 2+1 Δώρο,3.28
2024-10-24,116699,Complet Επιδόρπιο Γιαουρτιού Χωρίς Λακτόζη 190gr (2+1),2.03
2024-10-24,118309,Όλυμπος Φυσικός Χυμός Πορτοκάλι Μήλο Καρότο 500ml,1.69
2024-10-24,113505,Όλυμπος Αριάνι 0-5lt,1.43
2024-10-24,118468,Κρι Κρι Super Spoon Επιδόρπιο Γιαουρτιού High Protein 205gr (2τεμ-0-50€),2.56
2024-10-24,117016,Complet Οικογενειακό Επιδόρπιο Γιαουρτιού 2% 1kg -1-45€,3.06
2024-10-24,117473,Κουκάκη Γιαούρτι Παραδοσιακό Πρόβειο 310gr,1.98
2024-10-24,109233,Yff Nordic Salmon Σολομός Καπνιστός Νορβηγίας 150gr,7.91
2024-10-24,117842,My Gusto Γιαούρτι Αγελάδος 3-90% Λιπαρά 3x200gr,1.35
2024-10-24,116067,ΦΑΓΕ Κρέμα Γάλακτος Light 330ml -0-60€,1.51
2024-10-24,116684,Harmony Gourmet Λεμόνι-Cheesecake + Μπισκότο 160gr,1.68
2024-10-24,118800,Όλυμπος Μεγαλώνω Γιαούρτι Βρεφικό Αγελάδος 150gr2τεμ,1.98
2024-10-24,111304,Βλαχάκη Αυγά Αχυρώνα Καλαμπόκι 6άδα Μ -0-50€,3.32
2024-10-24,113354,Δέλτα Του Τόπου Μας Ελαφρύ 500ml,1.27
2024-10-24,118667,Κρι Κρι Γιαούρτι Στραγγιστό 5% 1kg -0-70€,3.56
2024-10-24,120646,Danette Κρέμα Duo Με Γάλα & Σοκολάτα 4x70gr,2.56
2024-10-24,115198,Χριστοδούλου Φυσικός Χυμός 9 Φρούτα 1 lt,3.34
2024-10-24,113452,ΝΟΥΝΟΥ Calciplus 1lt,2.60
2024-10-24,116683,Μεβγάλ Κεφίρ Χωρίς Λακτόζη Ροδάκινο 500ml,1.75
2024-10-24,116450,ΝΟΥΝΟΥ Κρέμα Γάλακτος 200ml 2+1 Δώρο,5.44
2024-10-24,121718,Lurpak Soft Με Μειωμένα Λιπαρά Ανάλατο 400gr,4.98
2024-10-24,116449,ΝΟΥΝΟΥ Κρέμα Γάλακτος Πλήρης 200ml,2.72
2024-10-24,113448,ΝΟΥΝΟΥ Noulac Υψηλής Παστερίωσης 1lt -0-20€,1.75
2024-10-24,119003,Harmony Επιδόρπιο Γιαουρτιού Λεμόνι 1% 170gr (2+1),2.72
2024-10-24,250091,ΝΟΥΝΟΥ Kid Εβαπορέ Ρόφημα Γάλακτος 400gr,1.32
2024-10-24,670912,Κρι Κρι Επιδόρπιο Γιαουρτιού Peppa Pig Φράουλα-Μπισκ. 3x140gr 2+1Δώρο,2.66
2024-10-24,119091,ΦΑΓΕ Αγελαδίτσα 2% Χωρίς Λακτόζη 200gr 2+1 Δώρο,1.70
2024-10-24,117068,Κρι Κρι SuperSpoon Επιδόρπιο Γιαουρτιού Super Fruits 170gr (2τεμ-0-50€),2.48
2024-10-24,111646,Χρυσά Αυγά Αχυρώνα Βιταμίνη D+Ω3 6αδα 53-63Μ -0-50€,3.28
2024-10-24,115606,Όλυμπος Φυσικός Χυμός Ροδάκινο 1lt,3.04
2024-10-24,117205,Δωδώνη Γιαούρτι Κλασικό 8% Λιπαρά Πλαστικό Δοχείο 1kg,4.02
2024-10-24,116511,Adoro Κρέμα Γάλακτος 35% Λιπαρά 1lt,6.96
2024-10-24,122255,Φαστ Soft 220gr,1.10
2024-10-24,113632,Όλυμπος Παιδικό Γάλα Κατσικίσιο Με Κακάο 250ml,1.10
2024-10-24,121435,Ήπειρος Βούτυρο Αιγοπρόβειο Και Αγελαδινό Τύπου Κερκύρας 250gr,3.73
2024-10-24,108136,Κρι Κρι PJM Kids Μπανάνα Σοκομπιλάκια 3x150gr -0-60€,2.99
2024-10-24,113382,ΔΕΛΤΑ Φυτικό Ρόφημα Βρώμη & 3 Super Σπόροι 1lt,2.06
2024-10-24,158445,Στεργίου Προφιτερόλ Ατομικό 150gr,2.15
2024-10-24,111066,Ηπειρώτικα Αυγά 6άδα 73+G Extra Large,2.44
2024-10-24,122239,Becel ProActiv Με Ελαιόλαδο 450gr,5.95
2024-10-24,113588,Όλυμπος Ρόφημα Αμυγδάλου Με Κακάο 500ml,1.98
2024-10-24,170167,Paliria Σπιτικά Γεμιστά 350gr,4.96
2024-10-24,118888,Activia Καρύδι & Βρώμη 2x200gr,2.96
2024-10-24,117221,ΦΑΓΕ Total Στραγγιστό Γιαούρτι 2% Λιπαρά 200gr,1.24
2024-10-24,118799,Όλυμπος Μεγαλώνω Γιαούρτι Βρεφικό Κατσικίσιο 150gr 2τεμ,3.02
2024-10-24,128628,Tofunistas Τόφου Φυσικό Bio 200gr,2.16
2024-10-24,251101,Βλάχας Ζαχαρούχο 397gr,1.90
2024-10-24,111103,Χρυσά Αυγά Ασπράδι Νωπό Παστεριωμένο 500ml,3.64
2024-10-24,118766,Όλυμπος Βρεφικό Επιδόρπιο Γιαουρτιού Μήλο-Μπανάνα 2x150gr,2.40
2024-10-24,118833,Κρι Κρι Γιαούρτι Στραγγιστό 5% 200gr 2+1 Δώρο,2.73
2024-10-24,162004,Μαγιά Νωπή Οικιακής Χρήσης 2τεμ 50gr,0.63
2024-10-24,114040,Ροδόπη Κεφιρ 1% Λιπαρά 500ml,1.06
2024-10-24,124718,Εβλογημένο Νηστίσιμο Φρατζόλα Προέλευση Ε.Ε. Τιμή Κιλού,2.04
2024-10-24,119084,Στάμου Γιαούρτι Σε Πλαστικό Πρόβειο 2% 240gr,1.70
2024-10-24,122275,Bella Μαργαρίνη Soft 60% Λιπαρά 250gr,0.98
2024-10-24,114102,Δέλτα Smart Επιδόρπιο Γιαουρτιού Βανίλια Μπισκότο 3x140gr (2+1),3.18
2024-10-24,115077,Όλυμπος Παιδικός Χυμός Μήλο-Ροδάκινο 3x250ml,2.91
2024-10-24,116140,Όλυμπος Κρέμα Γάλακτος 35% 200ml 2+1 Δώρο,4.84
2024-10-24,660963,Τσιμπράγος Αυγά Βιολογικά 6άδα (Μ),3.59
2024-10-24,113351,Κουκάκη Φρέσκο Γάλα Ελαφρύ 1-5% Λιπαρά 1lt,1.82
2024-10-24,115283,Life Μήλο - Πορτοκάλι - Καρότο 400ml,1.55
2024-10-24,250010,NOYNOY Συμπυκνωμένο Γάλα 4x170gr,3.00
2024-10-24,250108,Royal Γάλα Ζαχαρούχο Καραμελωμένο 395gr,1.99
2024-10-24,122264,Becel Light Vegan 400gr,2.46
2024-10-24,250017,NOYNOY Συμπυκνωμένο Γάλα Light 4x170gr,3.00
2024-10-24,122223,Βιτάμ Culinesse Ρευστό 500ml,2.91
2024-10-24,117069,Κρι Κρι Super Spoon Επιδόρπιο Γιαουρτιού Μπανάνα Και Μάνγκο 170gr (2τεμ -0-50€),2.48
2024-10-24,113630,Όλυμπος freelact γάλα χωρίς λακτόζη 3-5 % Λιπαρά 1 lt,2.80
2024-10-24,117247,Δωδώνη Γιαούρτι Κλασικό 2% Λιπαρά Πλαστικό Δοχείο 1kg,4.02
2024-10-24,120502,Alpro Επιδόρπιο Σόγιας Μαύρη Σοκολάτα 4x125gr,2.40
2024-10-24,161067,Kanaki Φρέσκια Ζύμη Πίτσας 400gr 15% Φθηνότερα,2.58
2024-10-24,113137,Εβολ Γάλα Αγελαδινό Διαλεχτό 3-7% Λιπαρά 1lt,1.93
2024-10-24,250095,ΝΟΥΝΟΥ Noulac Εβαπορέ Ρόφημα Γάλακτος 400gr,1.32
2024-10-24,117649,Κουκάκη Γιαούρτι Στραγγιστό 10%Λιπαρά 3X200gr 2+1Δώρο,3.42
2024-10-24,113078,Starbucks Cappuccino 220ml,1.82
2024-10-24,119212,Advance Γιαούρτι Με 100% Ελληνικό Γάλα Χωρός Προσθήκη Ζάχαρης 2x140gr,1.68
2024-10-24,122256,Flora 250gr,1.97
2024-10-24,117978,Βελουδάκι Γιαούρτι Κατσικίσιο Στραγγιστό Βιο 130gr,1.89
2024-10-24,120029,Alpro Πουτίγκα Με Σόγια & Σοκολάτα 200gr,1.79
2024-10-24,117951,Vitaline Go Protein Κακάο Βανίλια 2x170gr,2.73
2024-10-24,118453,Κρι Κρι Kids Peppa Ροδάκινο Βερίκοκο 3x140gr(2+1 Δώρο),2.66
2024-10-24,111311,Βλαχάκη Αυγά Αχυρώνα 6Αδα 73+G (Xl.,3.58
2024-10-24,170170,Paliria Σπιτικά Παστίτσιο 350gr,4.60
2024-10-24,125316,ΝΟΥΝΟΥ Τυρί Gouda Ολλανδίας Φραντζόλα Τιμή Κιλού,2.72
2024-10-24,662002,Μενεγάτος Φέτα ΠΟΠ Καλαβρύτων Βαρέλι Τιμή Κιλού,2.98
2024-10-24,125010,My Gusto Τυρί Gouda Φραντζόλα Προέλευσης Ε.Ε. Τιμή Κιλού,2.02
2024-10-24,123801,Φέτα Βυτίνας Π.Ο.Π Βαρελίσια Τιμή Κιλού,2.46
2024-10-24,125016,Milner Τυρί Ολλανδίας Φρατζόλα Προέλευση Ε.Ε. Τιμή Κιλού,1.51
2024-10-24,125019,Adoro Creamy Gouda Φρατζόλα Τιμή Κιλού,2.46
2024-10-24,123851,ΝΟΥΝΟΥ Τυρί Light 11% Λιπαρά Φρατζόλα Ολλανδίας (Τιμή Κιλού),2.12
2024-10-24,123918,Φέτα Αχαϊας Π.Ο.Π. Βαρελίσια Τιμή Κιλού,2.46
2024-10-24,128436,Τυρί Gouda Φέτες 500gr,4.05
2024-10-24,129000,Adoro Cottage 200gr,1.96
2024-10-24,662441,Θράκης Γεύσεις Γαλοπούλα Καπνιστή Τοστ Τιμή Κιλού,1.51
2024-10-24,123230,Ηπειρος Φέτα ΠΟΠ Δοχείο Τιμή Κιλού,2.79
2024-10-24,123069,Τσελιγκάτο Λευκό Αγελαδινό Τυρί Τιμή Κιλού,1.48
2024-10-24,126302,Kerrygold Regato Ιρλανδίας Τιμή Κιλού,2.20
2024-10-24,124095,Όλυμπος Χωριάτικο Σκληρό Τυρί Τιμη Κιλού,2.28
2024-10-24,127335,Adoro Μοτσαρέλλα ΕΕ Φρατζόλα Τιμή Κιλού,1.93
2024-10-24,105429,Tostaki Γαλοπούλα Καπνιστή Τιμή Κιλού,1.79
2024-10-24,128291,Ορεινές Πλαγιές Κατίκι Δομοκού Τυρί ΠΟΠ 200gr,2.32
2024-10-24,105629,Υφαντής Fouantre Γαλοπούλα Καπνιστή Εγχώρια Τιμή Κιλού,3.79
2024-10-24,123239,Ήπειρος Μαλακή Ημιδοχείο Τιμή Κιλού,2.19
2024-10-24,126325,Adoro Κεφαλοτύρι Δανίας 45% Λιπαρά Τιμή Κιλού,2.48
2024-10-24,124326,Όλυμπος Κεφαλοτύρι Κεφάλι Τιμή Κιλού,2.99
2024-10-24,102551,Creta Farms "Χωρίς" Γαλοπούλα Ψητή,3.17
2024-10-24,127321,Adoro Light 10% Φρατζόλα Γερμανίας Τιμή Κιλού,2.35
2024-10-24,105498,Creta Farms Μπείκον Φέτες Τιμή Κιλού,2.30
2024-10-24,123009,Χρυσάφη Τυρί Φέτα Λήμνου ΠΟΠ Τιμή Κιλού,2.55
2024-10-24,125012,Adoro Gouda Ολλανδίας Ρόδα Τιμή Κιλού,1.56
2024-10-24,105432,Tostaki Κοτοπούλο Ψητό Τιμή Κιλού,2.18
2024-10-24,128154,Λογάδι 17% Λιπαρά Φρατζόλα Τιμή Κιλού,2.40
2024-10-24,104384,Θράκης Γεύσεις Σαλάμι Αέρος Τιμή Κιλού,1.65
2024-10-24,123375,Μιτάτο Ανθότυρο Κρήτης Τιμή Κιλού,1.43
2024-10-24,669835,Σαντζηλιώτης Φέτα Μυτιλήνης ΠΟΠ Δοχείο Τιμή Κιλού,2.62
2024-10-24,124077,Κίσσας Άλμη Γάρος 1lt,1.05
2024-10-24,129281,ΦΑΓΕ Flair Cottage Cheese 225gr,3.35
2024-10-24,129656,Adoro Τυρί Κρέμα Light 200gr,1.74
2024-10-24,128152,Dirollo Classic Φρατζόλα Προέλευση Ε.Ε. Τιμή Κιλού,1.78
2024-10-24,125001,Adoro Edam Γερμανίας Φρατζόλα Τιμή Κιλού,1.98
2024-10-24,124182,Λεβέτι Ελληνικό Κασέρι Ποπ Φρατζόλα Τιμή Κιλού,3.38
2024-10-24,104383,Θράκης Γεύσεις Γαλοπούλα Καπνιστή 160gr,2.01
2024-10-24,128155,Dirollo Cottage 225gr,2.78
2024-10-24,124656,Σφακιανές Μαδάρες Γραβιέρα Κρήτης Ποπ Τιμή Κιλού,3.24
2024-10-24,123066,Βίκος Λευκό Αγελαδινό Τυρί Προέλευση Ελλάδα Τιμή Κιλού,1.39
2024-10-24,125107,ΝΟΥΝΟΥ Emmental Φραντζόλα Τιμή Κιλού,2.17
2024-10-24,125115,Dirollo Emmental Light Block Τιμή Κιλού,2.28
2024-10-24,128098,Ήπειρος Φέτα ΠΟΠ Σε Άλμη 400gr,5.34
2024-10-24,124039,Ορεινές Φάρμες Κρήτης Γραβιέρα Αγελάδος Φρατζόλα (Τιμή Κιλού),2.36
2024-10-24,128401,Dirollo Mozzarella 125gr,1.56
2024-10-24,104166,Tostaki Πάριζα Τιμή Κιλού,1.32
2024-10-24,669594,ΝΟΥΝΟΥ Gouda Φέτες 340gr,4.59
2024-10-24,126346,My Gusto Regato Ιρλανδίας Κεφάλι Τιμή Κιλού,2.79
2024-10-24,105430,Tostaki Γαλοπούλα Βραστή Τιμή Κιλού,1.79
2024-10-24,127041,Cremona Parmigiano Reggiano 1/8V,4.15
2024-10-24,129652,Adoro Τυρί Κρέμα 200gr,1.74
2024-10-24,127306,Παρμεζάνα Reggiano (1/8) Ιταλίας Τιμή Κιλού,4.14
2024-10-24,124261,Πλυμάκης Γραβιέρα Κρήτης Π.Ο.Π. Τιμή Κιλού,3.24
2024-10-24,128078,Arla Τυρί Κρέμα Light 200gr,2.08
2024-10-24,104162,Creta Farms Εν Ελλάδι Φιλέτο Γαλοπούλα Καπνιστή Τοστ,2.39
2024-10-24,127017,Gouda Ημίσκληρο Τυρί Τριμμένο 300gr,2.40
2024-10-24,129207,Philadelphia Τυρί Κρέμα Light 200gr,2.24
2024-10-24,669873,Θράκης Γεύσεις Γαλοπούλα Βραστή Τοστ Τιμή Κιλού,1.51
2024-10-24,125066,Φάρμες Παρνασσός Κεφαλοτύρι Αγελάδος Τιμή Κιλού,2.62
2024-10-24,130178,Όλυμπος Κεφαλοτύρι Πρόβειο Τριμμένο 150gr,3.30
2024-10-24,123058,Βαρελίσιο Τυρί Κορινθίας Τιμή Κιλού,2.30
2024-10-24,123243,Ήπειρος Ελαφρύ Δοχείο Τιμή Κιλού,3.19
2024-10-24,129220,Philadelphia Τυρί Κρέμα 300gr,3.98
2024-10-24,129815,ΝΟΥΝΟΥ Gouda Σε Φέτες 200gr,2.89
2024-10-24,105785,Creta Farms Εν Ελλάδι Φιλέτο Γαλοπούλας Βραστή Φέτες 160gr -0-40€,3.50
2024-10-24,105564,Υφαντής Ζαμπόν Μπούτι Fouantre Χοιρινό Εγχώριο Τιμή Κιλού,3.34
2024-10-24,127305,ADORO Grana Padano Ιταλίας Τιμή Κιλού,3.97
2024-10-24,130102,Adoro Τυρί Τριμμένο 100gr,1.85
2024-10-24,142195,Mc Cain Πατάτες Φούρνου Chips 600gr,2.49
2024-10-24,142227,McCain Crinkle Σγουρές Πατάτες Κατεψυγμένες 750gr,4.26
2024-10-24,142175,Mc Cain Τριγωνικές Μπουκιές Με Τυρί Κατεψυγμένες 230gr,2.38
2024-10-24,143176,Μπάρμπα Στάθης Αρακάς Κατεψυγμένος 420gr,2.47
2024-10-24,143042,Μπάρμπα Στάθης Κρεμμύδια Κομμένα Κατεψυγμένα 250gr+50gr Δώρο,2.16
2024-10-24,143175,Μπάρμπα Στάθης Φασολάκια Πλατιά Κατεψυγμένα 420gr,2.54
2024-10-24,157546,Μπάρμπα Στάθης Ας Μαγειρέψουμε Αρακάς Λαδερός 1kg,3.77
2024-10-24,143745,My Kouzina Αρακάς Κατεψυγμένος 1kg,2.65
2024-10-24,157877,Αλιμπινίσης Λευκό Κουλούρι Θεσσαλονίκης Κατεψυγμένο 200gr 2τεμ,0.99
2024-10-24,150148,Creta Farms Εν Ελλάδι Κοτομπουκιές 400gr,5.99
2024-10-24,150169,Creta Farms Εν Ελλάδι Κεφτεδάκι Με Ελαιόλαδο Κατεψυγμένο 420gr,4.88
2024-10-24,164102,Πάγος Σακούλα 2-5kg,1.88
2024-10-24,143180,Alterra Αρακάς Πέλλας Κατεψυγμένος 900gr,1.93
2024-10-24,143722,My Kouzina Φασολάκια Πλατιά 1kg,2.65
2024-10-24,144530,Pescanova Σνίτσελ Φιλέτου Μπακαλιάρου Κατεψυγμένος 400gr (200gr +200gr Δώρο),3.74
2024-10-24,142153,Mydibel Traditionfrench Κατεψυγμένο 1kg,2.23
2024-10-24,143380,Μπάρμπα Στάθης Ας Μαγειρέψουμε Σπανακόρυζο Κατεψυγμένο 1kg,6.04
2024-10-24,150331,Megas Yeeros Γύρος Χοιρινός Χωρίς Γλουτένη Κατεψυγμένος 330gr,3.95
2024-10-24,143721,My Kouzina Φασολάκια Στρογγυλά 1kg,2.56
2024-10-24,144359,My Kouzina Μπακαλιάρος Φιλέτο 850gr,3.90
2024-10-24,143138,Alterra Σπανάκι Φύλλο 750gr,2.91
2024-10-24,143379,Μπάρμπα Στάθης Ας Μαγειρέψουμε Φασολάκια Στρογγυλά Λαδερά 1kg,3.63
2024-10-24,143026,Μπάρμπα Στάθης Σπανάκι Φύλλα Κατεψυγμένα 1kg,4.94
2024-10-24,669502,Χρυσή Ζύμη Μπουγάτσα Θεσσαλονίκης Κρέμα 450gr,1.87
2024-10-24,143174,Μπάρμπα Στάθης Φασολάκια Στρογγυλά Κατεψυγμένα 420gr,2.29
2024-10-24,150332,Mega Yeeros Γύρος Κοτόπουλο Χωρίς Γλουτένη Κατεψυγμένος 330gr,3.95
2024-10-24,157808,Alfa Μπουγάτσα Θεσσαλονίκης Με Τυρί Κατεψυγμένη 450gr,2.42
2024-10-24,143720,My Kouzina Σπανάκι Φύλλο 750gr,2.53
2024-10-24,157623,Alfa Εκλεκτά Λουκανικοπιτάκια Με Καπνιστό Λουκάνικο & Κέτσαπ Κατεψυγμένα 450gr,2.61
2024-10-24,157622,Alfa Εκλεκτά Πιτάκια Τυρί Κρέμα & Γαλοπούλα Κατεψυγμένα 450gr,2.69
2024-10-24,152713,Alfa Πίτσα Margherita 2τεμ 730gr,6.23
2024-10-24,144343,My Kouzina Γαρίδες Προβρασμένες Αποφλειωμένες Κατεψυγμένες 40 - 60 425gr,5.39
2024-10-24,150163,Creta Farms Εν Ελλάδι Μπιφτέκι Με Ελαιόλαδο Κατεψυγμένο 420gr,4.82
2024-10-24,142144,Mydibel Classic French Κατεψυγμένες 1kg,2.36
2024-10-24,152301,Iglo Fish Sticks Κατεψυγμένα 420gr,6.67
2024-10-24,420382,Μπύρα Hoppy Lager Κουτί Νύμφη (4x500ml),5.25
2024-10-24,420730,ΑΛΦΑ Μπύρα Sea Salt Κουτί 500ml 4τεμ,4.92
2024-10-24,404972,Βίκος Φυσικό Μεταλλικό Νερό 500ml 11+1 Δώρο,1.87
2024-10-24,404977,Βίκος Φυσικό Μεταλλικό Νερό 1-5lt 5+1 Δώρο,1.68
2024-10-24,404150,Ζαγόρι Φυσικό Μεταλλικό Νερό 1-5lt (5+1Δώρο).,1.80
2024-10-24,404021,Θεόνη Φυσικό Μεταλλικό Νερό 6x1-5lt,1.98
2024-10-24,402215,Coca-Cola Zero 2x1-5lt -0-50€,3.44
2024-10-24,401621,Coca-Cola Zero 2x1-5lt,3.94
2024-10-24,402263,Coca-Cola Zero 1-5lt 2τεμ -0-30€,3.64
2024-10-24,404159,Ζαγόρι Φυσικό Μεταλλικό Νερό 12x500ml,2.04
2024-10-24,404981,Μιτσικέλι Φυσικό Μεταλλικό Νερό 1-5 lt 6 τεμ.,1.56
2024-10-24,401623,Coca-Cola Zero 330ml 5 + 1 Δώρο,4.35
2024-10-24,401625,Coca-Cola Zero Aναψυκτικό 330ml 1τεμ,0.87
2024-10-24,404023,Θεόνη Φυσικό Μεταλλικό Νερό 12x500ml,2.64
2024-10-24,401059,Pepsi Zero 6x1-5lt,12.24
2024-10-24,404410,Γάργαρο Επιτραπέζιο Νερό 6x1-5lt,1.42
2024-10-24,404402,Γάργαρο Επιτραπέζιο Νερό12x500ml,1.80
2024-10-24,404401,Γάργαρο Επιτραπέζιο Νερό 500ml,0.15
2024-10-24,401136,Coca-Cola 330ml 5+1τεμ,4.15
2024-10-24,401128,Coca-Cola Zero 2x1lt,2.80
2024-10-24,401744,Green Cola 1-5lt,1.49
2024-10-24,401132,Coca-Cola 330ml 1τεμ,0.83
2024-10-24,411416,My Gusto Χυμός Multivitamin 250ml,0.39
2024-10-24,402213,Coca-Cola 2x1-5lt -0-50€,3.38
2024-10-24,401807,Coca-Cola 2x1-5lt,3.88
2024-10-24,411276,Ηβη Go! Red Φρουτοποτό Φράουλα-Μήλο-Σταφύλι 250ml 5+1 Δώρο,3.30
2024-10-24,402265,Coca-Cola 1-5lt 2Τεμ. 0-30€,3.58
2024-10-24,411133,Amita Φυσικός Χυμός Motion 1lt,2.40
2024-10-24,411352,Amita Φυσικός Χυμός Motion 330ml 1τεμ,1.10
2024-10-24,411193,Amita Motion Χυμός 330ml 5+1 Δώρο,5.50
2024-10-24,420078,Άλφα Μπύρα Lager 300ml 9+3 Δώρο,9.45
2024-10-24,404926,Κορπή Φυσικό Μεταλλικό Νερό 6x1-5lt,1.78
2024-10-24,420055,Άλφα Μπύρα Lager Κουτί 330ml 5+1 Δώρο,5.25
2024-10-24,411389,My Gusto Χυμός Νέκταρ Πορτοκάλι-Μήλο-Βερίκοκο 1lt,0.88
2024-10-24,401951,Coca-Cola Zero Caffeine Free 6x330ml,4.98
2024-10-24,262547,Starbucks Espresso House Blend Κάψουλες Συμβατές Με Μηχανές Nespresso* 57gr,2.80
2024-10-24,262148,Starbucks Espresso Caramel Κάψουλες 51gr,2.99
2024-10-24,261509,Starbucks Caramel Macchiato Κάψουλες 127-8 gr,3.59
2024-10-24,262250,Starbucks Στιγμιαίος Καφές Caramel Latte 115gr,2.92
2024-10-24,262260,L'or Espresso Κάψουλες Maranello 10τεμ 52gr,2.99
2024-10-24,262259,L'or Espresso Κάψουλες Imola 10τεμ 52gr,2.99
2024-10-24,260103,ΛΟΥΜΙΔΗΣ ΠΑΠΑΓΑΛΟΣ Παραδοσιακός Ελληνικός Καφές 194gr,3.95
2024-10-24,261104,Nescafe Στιγμιαίος Καφές 200gr,8.45
2024-10-24,273110,Quaker Νιφάδες Βρώμης Σε Σακούλακι 500gr,1.99
2024-10-24,260016,Coffee Island Καφές Ελληνικός Παραδοσιακός 170gr,2.61
2024-10-24,272291,Millhouse Νιφάδες Βρώμης 500gr -0-20€,1.23
2024-10-24,260101,ΛΟΥΜΙΔΗΣ ΠΑΠΑΓΑΛΟΣ Παραδοσιακός Ελληνικός Καφές 96gr,1.95
2024-10-24,260104,ΛΟΥΜΙΔΗΣ ΠΑΠΑΓΑΛΟΣ Ελληνικός Καφές Παραδοσιακός 490gr,8.68
2024-10-24,261103,Nescafe Στιγμιαίος Καφές 100gr,4.70
2024-10-24,272543,My Gusto My Line Dark Chocolate Δημητριακά 375gr,2.46
2024-10-24,273047,Go On Μπάρα Πρωτεΐνη Σοκολάτα 50gr,1.27
2024-10-24,261067,L'OR Κάψουλες Espresso Ristretto Συμβατές Με Μηχανές Nespresso* 40τεμ,9.94
2024-10-24,323008,Merenda Πραλίνα Φουντουκιού 360gr,2.78
2024-10-24,262172,Nescafe Azera Espresso Στιγμιαίος Καφές 95gr,6.61
2024-10-24,260146,ΛΟΥΜΙΔΗΣ ΠΑΠΑΓΑΛΟΣ Παραδοσιακός Ελληνικός Kαφές 340gr,6.29
2024-10-24,272223,Kellogg's Coco Pops Δημητριακά Chocos 550gr,5.70
2024-10-24,273506,Nutri Valley Granola Μαύρη Σοκολάτα Χωρίς Γλουτένη 320gr,1.83
2024-10-24,273159,Quaker Τραγανές Μπουκιές Σοκολάτας 600gr,6.33
2024-10-24,272271,ΙΟΝ Μπάρα Προτεϊνης Χωρίς Ζάχαρη 50gr,1.30
2024-10-24,273429,Nutri Valley Granola Χωρίς Προσθήκη Ζάχαρης 375gr,2.48
2024-10-24,272540,My Gusto My Line Chocolate Δημτηριακά 375gr,2.46
2024-10-24,261365,My Gusto Στιγμίαιος Καφές 200gr,5.30
2024-10-24,322491,My Gusto Ταχίνι Με Κακάο Γυάλινο Βάζο 350gr,2.53
2024-10-24,262004,JACOBS Καφές Φίλτρου Φουντούκι 250gr,6.60
2024-10-24,323049,Healthy Habits Φυστικοβούτυρο Απαλό Με Κρεμώδη Υφή 180gr,2.57
2024-10-24,260026,Bravo Ελληνικός Καφές Κλασικός 193gr,3.98
2024-10-24,261048,L'OR Espresso Ristretto Κάψουλες Συμβατές Με Μηχανές Nespresso* 20Τεμ,5.12
2024-10-24,261424,TASSIMO Κάψουλες JACOBS Espresso Ristretto 16τεμ,5.03
2024-10-24,273219,Nestle Fitness Μπάρες Δημητριακών Σοκολάτα 6x23-5gr,2.49
2024-10-24,272231,Nestle Fitness Δημητριακά Dark Chocolate 540gr,4.45
2024-10-24,226003,My Kouzina Χυμός Τομάτας 500gr,0.65
2024-10-24,233004,Melissa Σπαγγέτι Νο 6 500gr,0.79
2024-10-24,257033,Cristal Ζάχαρη Λευκή Κρυσταλλική 1kg,0.80
2024-10-24,226001,My Kouzina Τομάτες Στον Τρίφτη 500gr,0.78
2024-10-24,233435,My Kouzina Σπαγγέτι No6 500gr,0.62
2024-10-24,257112,Royal Sugar Ζάχαρη Λευκή Κρυσταλλική Εισαγωγής 1kg,0.80
2024-10-24,226015,Kyknos Χυμός Τομάτας Χάρτινο 500gr,0.98
2024-10-24,236816,My Kouzina Αλεύρι Για Όλες Τις Χρήσεις 1kg,0.69
2024-10-24,234705,Misko Σπαγγέτι Νο 6 500gr,1.18
2024-10-24,226038,Kyknos Τριμμένες Τομάτες Χάρτινο 500gr,1.30
2024-10-24,226511,Pummaro Χυμό Τομάτας Κλασσικός Συμπυκνωμένος 500gr,0.81
2024-10-24,226519,Pummaro Χυμός Τομάτας Το Δεύτερο -40% 500gr,1.63
2024-10-24,226179,My Kouzina Τοματοπολτός 28%-30% 410gr,1.16
2024-10-24,226044,Kyknos Τοματοπολτός 28-30% 70gr,0.65
2024-10-24,226002,My Kouzina Τομάτα Ψιλοκομμένη 400gr (Στραγγ .Βάρος 240gr),0.68
2024-10-24,226157,Best Price Χυμός Τομάτας 500gr,0.54
2024-10-24,233438,My Kouzina Λαζανάκι 500gr,0.64
2024-10-24,233006,Melissa Σπαγγετίνη Νο 10 500gr,0.79
2024-10-24,230310,My Kouzina Ρύζι Μπονέτ Ελληνικό 500gr,1.02
2024-10-24,233447,My Kouzina Πέννες Ριγέ 500gr,0.64
2024-10-24,233436,My Kouzina Σπαγγετίνι Νο10 500gr,0.64
2024-10-24,202914,My Kouzina Ξίδι Πλαστική Φιάλη 400ml,0.53
2024-10-24,233431,My Kouzina Κριθαράκι Μέτριο 500gr,0.62
2024-10-24,226521,Pummaro Κλασική Ψιλοκομμένη Ντομάτα 400gr,0.91
2024-10-24,226525,Pummaro Χυμό Τομάτας Κλασικός Συμπυκνωμένος 3Χ250gr,1.58
2024-10-24,236817,My Kouzina Φαρίνα 500gr,0.46
2024-10-24,226410,Best Price Τομάτα Ψιλοκομμένη 400gr (ΣΤΡΑΓΓ.ΒΑΡΟΣ 240gr),0.65
2024-10-24,226357,Μπάρμπα Στάθης Ντομάτα Στον Τρίφτη 500gr,0.86
2024-10-24,232332,My Kouzina Φακές Ψιλές 500gr,0.80
2024-10-24,233433,My Kouzina Βίδες 500gr,0.64
2024-10-24,234055,Barilla Ζυμαρικά Linguine La Collezione 500gr,1.09
2024-10-24,230312,My Kouzina Ρύζι Καρολίνα Ελληνικό 500gr,1.08
2024-10-24,244077,Εφύρα Ηλιέλαιο 1 lt,1.45
2024-10-24,233434,My Kouzina Κοφτό 500gr,0.62
2024-10-24,712401,Oral-B 123 Οδοντόκρεμα 75ml,0.92
2024-10-24,601262,Everyday Hyperdry Σερβιέτες Ultra Plus Maxi Night 18τεμ,2.70
2024-10-24,606301,My Soft Υποσέντονο 60x90cm 15 τεμ,3.51
2024-10-24,611164,Septona Υγρά Μαντηλάκια Refresh Λεμόνι 15τεμ 2+2 Δώρο,1.18
2024-10-24,611792,Wet Hankies Υγρά Μαντήλια Αντιβακτηριδιακά Extra Safe 63τεμ,2.03
2024-10-24,606141,Sani Fresh Υποσέντονα Maxi Plus 90x60 15τεμ -1-50€,4.40
2024-10-24,611892,Septona Υγρά Αντιβακτηριδιακά Μαντήλια Πράσινο Μήλο 60τεμ,1.51
2024-10-24,611797,Wet Hankies Μαντηλάκια Extra Safe Υγρά 2+2Δώρο,1.17
2024-10-24,714248,Septona Dermasoft Honey Κρεμοσάπουνο Ανταλλακτικό 1000ml,1.93
2024-10-24,923686,Feel Good! Σφουγγάρι Σώματος Puff,0.99
2024-10-24,762100,Aim Οδοντόκρεμα White Now 75ml,1.84
2024-10-24,611793,Wet Hankies Υγρά Μαντήλια Αντιβακτηριδιακά Extra Safe 12τεμ,0.59
2024-10-24,601250,Everyday Σερβιέτες Sensitive Ultra Plus Normal 18τεμ,2.81
2024-10-24,712242,Colgate Total Original Οδοντόκρεμα 75ml,1.72
2024-10-24,606147,Sani Lady Sensitive Σερβιέτες Ειδικών Χρήσεων Super N5 20τεμ,5.24
2024-10-24,712271,Colgate Sensation White Οδοντόκρεμα 2x75ml ΤΙΜΗ ΣΟΚ,2.21
2024-10-24,711410,Aim Οδοντόβουρτσα Antiplaque Μέτρια 2x1τεμ,1.23
2024-10-24,711104,Aim Οδοντόβουρτσα Anti Plaque Μέτρια,0.65
2024-10-24,712262,Colgate Sensation White Οδοντόκρεμα 75ml,1.70
2024-10-24,713017,Dove Σαπούνι 90gr,0.95
2024-10-24,602165,Everyday All Cotton Σερβιετάκια Extra Long 24τεμ,2.39
2024-10-24,602121,EveryDay All Cotton Normal Σερβιετάκια 20τεμ,1.22
2024-10-24,601251,Everyday Σερβιέτες Sensitive Ultra Plus Super 18τεμ,2.81
2024-10-24,601092,Always Ultra Secure Night Extra Duo 10τεμ,2.40
2024-10-24,719021,Septona Ωτοκαθαριστές Βιοδιασπώμενοι Σακουλάκι 200τεμ,1.31
2024-10-24,661383,Wet Hankies Αντιβακτηριδιακά Μαντήλια Lemon Thick 72τεμ,1.69
2024-10-24,714780,Best Price Κρεμοσάπουνο Αντ/κό Άρωμα Λουλουδιών 1lt,1.35
2024-10-24,611170,Septona Υγρά Μαντήλια Αντιβακτηριδιακά Πράσινο Μήλο 15τεμ 2+2 Δώρο,1.18
2024-10-24,601261,Everyday Hyperdry Ultra Plus Super Economy 18τεμ,2.70
2024-10-24,712266,Colgate Total Active Fresh Οδοντόκρεμα 75ml,1.72
2024-10-24,611206,Septona Υγρά Αντιβακτηριδιακά Μαντηλάκια 75% Ethanol 60τεμ,1.86
2024-10-24,719385,Tipers Natura Ωτοκαθαριστές 200+100 Δώρο,1.99
2024-10-24,717099,Dove Αποσμητικό Spray 150ml,2.53
2024-10-24,717045,Dove Αποσμητικό Spray Talco Soft 150ml,2.71
2024-10-24,611773,Wet Hankies Αντιβακτηριδιακά Μαντήλια 15τεμ 2+2 Δώρο,1.04
2024-10-24,608794,My Soft Jumbo Χαρτοπετσέτες 100Φύλλα 0-175kg,0.96
2024-10-24,608889,My Soft Lux Χαρτί Υγείας 3φυλλο 10αρι 1-200kg,3.95
2024-10-24,609410,My Soft Jumbo Ρολό Κουζίνας 600gr,2.48
2024-10-24,608000,My Soft Χαρτί Υγείας Γκοφρέ 10αρι 0-750kg,2.49
2024-10-24,609738,My Soft Jumbo Ρολό Κουζίνας 3Φυλλο 800gr,2.75
2024-10-24,608793,My Soft Χαρτοπετσέτες 70 Φύλλων 0-120kg,0.78
2024-10-24,610760,My Soft Χαρτομάντιλα Επιτραπέζια 3φυλλα 100τεμ 200gr,1.30
2024-10-24,609411,My Soft Jumbo Ρολό Κουζίνας 1kg,4.77
2024-10-24,607796,My Soft Lux Χαμομήλι Χαρτί Υγείας 3Φ 1-030kg 10τεμ,3.45
2024-10-24,522856,My Home Σακούλες Απορριμμάτων Αρωματικές Mini 30τεμ,0.78
2024-10-24,609009,Elite Economy Plus Ρολό Κουζίνας 0-760 kg,2.78
2024-10-24,522855,My Home Σακούλες Απορριμμάτων Mini 30τεμ,0.72
2024-10-24,515520,Vileda Σφουγγαράκι Tip Top 3+2 Δώρο,1.37
2024-10-24,608005,Elite Economy Χαρτοπετσέτες Λευκές 53 Φύλλων 0-077kg,0.59
2024-10-24,608146,My Soft Lux Χαρτοπετσέτες Decor 70 Φύλλων 0-130kg,0.79
2024-10-24,608161,Softex Χαρτοπετσέτες Λευκές 56φύλλων 0-086kg,0.74
2024-10-24,511724,My Home Chloro Ultra Lemon 1250ml,0.96
2024-10-24,504260,Fairy Ultra Original Υγρό Πιάτων 900ml,3.42
2024-10-24,607799,My Soft Premium Χαρτί Υγείας 4φυλλο 10άρι 1-230kg,4.85
2024-10-24,522860,My Home Σακούλες Απορριμμάτων Maxi 52x75cm Κορδόνι 10τεμ,1.28
2024-10-24,522163,SANITAS Σακούλες Απορριμμάτων Easypack Μεσαίες 50x55cm 20τεμ.,1.24
2024-10-24,511334,Klinex ΧΛΩΡΙΝΗ Ultra Protection Παχύρρευστη Lemon 2lt,3.97
2024-10-24,522161,Sanitas Σακούλες Απορριμάτων Μικρές Με Χερούλι 46x50cm,1.05
2024-10-24,608230,My Soft Χειροπετσέτες Ζικ Ζακ 0-285kg 200τεμ,1.67
2024-10-24,607019,Softex Classic Luxury Χαρτί Υγείας 4 Φύλλων 8αρι 0-720kg,3.15
2024-10-24,609727,My Soft Ρολό Κουζίνας Λευκό 110gr 2τεμ,1.10
2024-10-24,610303,White Leaf Χαρτομάντιλα Νάυλον 0-126kg 100τεμ,0.63
2024-10-24,525357,My Home Απιονισμένο Νερό 4lt,1.21
2024-10-24,506688,Lenor Μαλακτικό Ρούχων Joy Gold Orchid 82μεζ,5.60
2024-10-24,610249,Zewa Deluxe Χαρτί Υγείας Χαμομήλι 3φύλλων 8άρι 0-728kg,3.95
2024-10-24,504162,My Home Ultra Υγρό Πιάτων 425ml,1.01
2024-10-24,607018,Softex Classic Cotton Χαρτί Υγείας 3 Φύλλων 8αρι 0-624kg,2.75
2024-10-24,522061,My Home Σακούλες Απορριμάτων Με Χερούλια 60x72cm 20τεμ,1.70
2024-10-24,522852,Sanitas Σακούλες Απορ/των Εύκολο Κλείσιμο Μεγάλες 58x72cm 20τεμ,2.24
2024-10-24,523442,My Home Σακούλες Τροφίμων Μεσαίες 28x33cm 50τεμ,0.91
2024-10-24,523005,My Home Αντικολλητικο Χαρτί Ψησίματος 24 Φύλλα,1.35
2024-10-24,523791,My Home Αλουμινόχαρτο 10m (3 Τ.Μ.),1.39
2024-10-24,523443,My Home Σακούλες Τροφίμων Μεγάλες 28x43cm 50τεμ,1.06
2024-10-24,523779,My Home Αλουμινόχαρτο 30m (9 τ.μ.),2.98
2024-10-24,523441,My Home Σακούλες Τροφίμων Μικρές 17x24cm 50τεμ,0.52
2024-10-24,527986,Αλκοολούχα Λοσιόν "Το Πρώτο" 93° 420ml,1.25
2024-10-24,523772,My Home Μεμβράνη 20m (6 Τ.Μ.),0.98
2024-10-24,523153,My Home Αντικολλητικό Χαρτί 10m (3-8 Τ.Μ.),1.39
2024-10-24,959859,Καλαμάκια Επαναχρησιμοποιούμενα Freddo 180mm x 4mm 40τεμ,0.39
2024-10-24,527902,Alfa Οινόπνευμα Φωτιστικό 93° 425ml,1.02
2024-10-24,523446,My Home Σακούλες Τροφίμων Zip Μεσαίες 26x30cm 15τεμ,1.72
2024-10-24,523255,Sanitas Κλασική Διαφανής Μεμβράνη Εύκολο Κόψιμο 30m,1.73
2024-10-24,523444,My Home Σακούλες Τροφίμων Zip Μικρές 17x22cm 15τεμ,1.22
2024-10-24,527786,Αλκοολούχος Λοσιόν "Το Πρώτο" 70° 425ml,1.25
2024-10-24,523609,My Home Σκεύη Τροφίμων Με Καπάκι Νο162s Μερίδα Φαγητού 4τεμ,1.49
2024-10-24,523205,Sanitas Αλουμινόχαρτο 30m (8-70 τ.μ.),4.76
2024-10-24,523795,My Home Παγοκυψέλες 10τεμ,0.57
2024-10-24,523204,Sanitas Αντικολλητικό Χαρτί Ψησίματος 8m (3-04 τ.μ.),2.03
2024-10-24,523789,My Home Μεμβράνη 50m (15 Τ.Μ.),1.99
2024-10-24,523623,Sanitas Αντικολλητικό Χαρτί Ψησίματος Κομμένα 18 Φύλλα (2-9 τ.μ.),2.19
2024-10-24,521767,My Home Φιάλη Υγραερίου Gas Stop 190gr,1.25
2024-10-24,959860,Καλαμάκια Επαναχρησιμοποιούμενα Jumbo 220mm x 7mm 20τεμ,0.47
2024-10-24,953059,Varta Energy Αλκαλικές Μπαταρίες AA 8τεμ,4.56
2024-10-24,521019,Βάση Εστίας Ελ Γκρέκο CV470 Plus Μπεζ,6.95
2024-10-24,523752,Sanitas Χάρτινες Σακούλες Τροφίμων Μικρές 12x19-5cm- 30τεμ,1.25
2024-10-24,912819,Matrix Καλαμάκια Βιοδιασπώμενα Σπαστά Χρωματιστά 25 τεμ,1.19
2024-10-24,522284,My Home Σακούλες Παλτών & Φορεμάτων 70x130cm 4τεμ,0.73
2024-10-24,523445,My Home Σακούλες Τροφίμων Zip Μεγάλες 26x38cm 15τεμ,1.86
2024-10-24,522283,My Home Σακούλες Κοστουμιών 5τεμ,0.73
2024-10-24,523612,My Home Σκεύη Τροφίμων No 149 3τεμ,1.91
2024-10-24,523217,Sanitas Auto-Close Παγοκυψέλες 2σε1,1.81
2024-10-24,953070,Varta Energy Αλκαλικές Μπαταρίες AAA 8τεμ,4.56
2024-10-24,523201,Sanitas Αλουμινόχαρτο 10m (2-9 τ.μ.),1.77
2024-10-24,523341,Sanitas Διαφανής Μεμβράνη 50μέτρα,2.63
2024-10-24,864378,Τετράδιο Cosmos Σπιράλ Α4 2 Θέματα,2.49
2024-10-24,863301,Χαρτί Φωτοτυπικού Α4 80gr/Μ² 500 Φύλλα,5.70
2024-10-24,862603,Primo Τετράδιο Μπλε 17x25 50 φύλλα,0.81
2024-10-24,863277,Premium Τετράδιο Πλαστικό Μπλε 50 Φ.,0.95
2024-10-24,901061,Περιοδικό My market,0.40
2024-10-24,862114,Bic Kids Μαρκαδόροι Coleur Special Format,2.36
2024-10-24,862111,BIC Galet Γόμα - Pack of 1,0.85
2024-10-24,833697,Tipp-Ex Mini Διορθωτική Ταινία -0-50€,1.56
2024-10-24,863064,Tippex Mouse Fashion Διορθωτική Ταινία BL2 +1Δώρο,4.12
2024-10-24,863055,BIC Στυλό Cristal Σακουλάκι Μικτά 4τεμ,1.40
2024-10-24,863093,BIC Στυλό Cristal Μπλέ Σακουλάκι 4 τμχ,1.15
2024-10-24,862528,BIC Μολύβι Criterium 2B BL 2τεμ,0.78
2024-10-24,863745,BIC Cristal Soft Στυλό Διαρκείας Μεσαία Μύτη (1.2 mm) Μπλε 4τεμ,1.33
2024-10-24,833637,BIC Evolution Original HB Μολύβι Γραφίτη Με Γόμα 4τεμ,1.19
2024-10-24,863021,BIC Μαρκαδόρος Ανεξίτηλος Marking Pro,1.84
2024-10-24,862635,Κόλλα UHU Stick 8-2gr Συσκευασία 2+1 Δώρο,3.36
2024-10-24,833707,UHU Κόλλα Stick Blister 8-2gr,1.68
2024-10-24,833315,Carioca Joy Μαρκαδόροι Συσκευασία 12τεμαχίων,3.79
2024-10-24,863070,BIC Στυλό Cristal Σακουλάκι 8+2 Δώρο,2.10
2024-10-24,833706,UHU Κόλλα Γενικής Χρήσης Σε Blister 20ml N12,1.68
2024-10-24,863775,Skag Μπλοκ Ζωγραφικής Α4 51Φύλλων Ν5 70gr,2.04
2024-10-24,864369,Bic Ξύστρα Mini,0.93
2024-10-24,833850,Logo Κόλλα Στιγμής 2gr+1 Δώρο,2.91
2024-10-24,863446,BIC Kids Tropicolors Ξυλομπογιές 12τεμ,1.61
2024-10-24,833655,Tipp-Ex Foam Διορθωτικό Υγρό -0-50€,1.18
2024-10-24,862028,Pritt Στυλό Διορθωτικό Blanco 2τεμ,3.17
2024-10-24,863453,BIC Cristal Fine Στυλό Διαρκείας- Λεπτή Μύτη (0.8mm) - Μπλε- 4τεμ,1.43
2024-10-24,532302,Tesa Σελοτέιπ Ν. 57381 33x15mm,1.14
2024-10-24,864363,Bic Χάρακας Double,1.35
2024-10-24,864362,Bic Ψαλίδι Comfort 16cm,3.23
2024-10-24,926012,Κεριά Γενεθλίων Decorata 20+10 Βάσεις,1.29
2024-10-24,863881,BIC Cristal Fun Στυλό Διαρκείας 1.6 mm Διάφορα Χρώματα 4τεμ,1.33
2024-10-24,833235,Carioca Joy Μαρκαδόροι Λεπτοί Συσκευασία 12τεμαχίων,1.90
2024-10-24,862032,Pritt Κόλλα Stick 22gr Blue 2τεμ,3.22
2024-10-24,864296,Μπλοκ Ζωγραφικής Α4- 51Φ- Νο5,2.18
