2025-02-02,1589354,Τσιπούρα Φιλέτο Ελληνικής Εκτροφής 200gr,5.25
2025-02-02,1275022,Τσιπούρα Καθαρισμένη Ελληνικής Εκτροφής 400gr έως 600gr,5.4
2025-02-02,1230383,Λαβράκι Καθαρισμένο Ελληνικής Εκτροφής 400gr έως 600gr,4.64
2025-02-02,1228680,Σολομός Φιλέτο με δέρμα Εκτροφής Νορβηγίας,7.94
2025-02-02,1228682,Σολομός Φέτα Νορβηγικής Εκτροφής,6.75
2025-02-02,1488886,Φαγκρί Καθαρισμένο Ελληνικής Eκτρoφής 400gr έως 600gr,7.8
2025-02-02,1228679,Πέστροφα Καθαρισμένη Ελληνικής Εκτροφής,3.56
2025-02-02,1629700,Παναρισμένα Μπιφτέκια Σολομού Αποψυγμένα Εκτροφής Νορβηγίας 300gr,6.96
2025-02-02,8075434,Σολομός Σουβλάκι Εκτροφής Νορβηγίας,7.22
2025-02-02,1275152,Γαρίδες Vannamei Αποψυγμένες Εισαγωγής,4.34
2025-02-02,1594421,Σολομός Φιλέτο Εκτροφής Νορβηγίας με Τσιμιτσούρι,7.74
2025-02-02,1578057,Θράψαλo Αποψυγμένo Εισαγωγής,3.76
2025-02-02,1448543,Κοτόπουλο ΑΓΡΟΖΩΗ Ελληνικό,5.4
2025-02-02,1467636,Κιμάς Λάπα Νεαρού Μόσχου ΣΚΛΑΒΕΝΙΤΗΣ Ολλανδίας 500gr,5.15
2025-02-02,1467644,Κιμάς Σπάλας Νεαρού Μόσχου ΣΚΛΑΒΕΝΙΤΗΣ Ολλανδίας 500gr,6.4
2025-02-02,1563294,Κιμάς Ανάμεικτος ΣΚΛΑΒΕΝΙΤΗΣ Ολλανδίας 500gr,4.2
2025-02-02,1519422,Κοτόπουλο Στήθος MIMIKOS φιλέτο 650gr +20% Δωρεάν Προϊόν,11.5
2025-02-02,1441510,Κοτομπουκιές Πανέ ΣΚΛΑΒΕΝΙΤΗΣ με Νιφάδες Καλαμποκιού προψημένες ,4.48
2025-02-02,1636093,Κοτομπουκιές Πανέ ΣΚΛΑΒΕΝΙΤΗΣ προψημένες 400gr,3.58
2025-02-02,1467619,Κιμάς Νεαρού Μόσχου ΣΚΛΑΒΕΝΙΤΗΣ Άπαχος Ολλανδίας 500gr,7.3
2025-02-02,1467128,Τηγανιά Χοιρινή ΣΚΛΑΒΕΝΙΤΗΣ Ολλανδίας 700gr,5.3
2025-02-02,1467641,Κιμάς Χοιρινός ΣΚΛΑΒΕΝΙΤΗΣ Άπαχος Ολλανδίας 500gr,4.0
2025-02-02,1467126,Κύβοι Νεαρού Μόσχου ΣΚΛΑΒΕΝΙΤΗΣ Ολλανδίας 700gr,8.96
2025-02-02,1252963,Λαιμός Χοιρινός ΣΚΛΑΒΕΝΙΤΗΣ με οστό Ολλανδίας,5.64
2025-02-02,1055522,Σνίτσελ MIMIKOS Κοτολιχουδιές 470gr,6.05
2025-02-02,1377283,Κεφτεδάκια ΣΚΛΑΒΕΝΙΤΗΣ 420gr,3.15
2025-02-02,1252962,Μπριζόλα Χοιρινή ΣΚΛΑΒΕΝΙΤΗΣ με οστό Ολλανδίας ,5.58
2025-02-02,2649689,Κοτόπουλο Μπούτι ΝΙΤΣΙΑΚΟΣ φιλέτο Ελληνικό 700gr,10.5
2025-02-02,1231032,Σνίτσελ Κοτόπουλου Πανέ ΣΚΛΑΒΕΝΙΤΗΣ προψημένο,4.45
2025-02-02,1464647,Μπιφτέκια Κοτόπουλου Ελληνικά MEATKA,6.84
2025-02-02,1250648,Κοτόπουλο ΝΙΤΣΙΑΚΟΣ ολόκληρο,8.82
2025-02-02,2649721,Κοπανάκι Κοτόπουλο ΝΙΤΣΙΑΚΟΣ Ελληνικό 650gr,6.74
2025-02-02,1467127,Μπιφτέκια Νεαρού Μόσχου ΣΚΛΑΒΕΝΙΤΗΣ Ολλανδίας 720gr,7.9
2025-02-02,1252970,Μπιφτέκια Ανάμεικτα ΣΚΛΑΒΕΝΙΤΗΣ Ολλανδίας 660gr,5.6
2025-02-02,1055517,Κοτόπουλο Μπούτι MIMIKOS φιλέτο 650gr,11.66
2025-02-02,6094593,Κοτόπουλο Μπούτι ΝΙΤΣΙΑΚΟΣ Ελληνικό 850gr +50% Δωρεάν Προϊόν,7.58
2025-02-02,1497485,FRISOGROW 3 Γάλα 3ης Βρεφικής Ηλικίας 1-3 Ετών σε σκόνη 800gr,18.22
2025-02-02,4087839,ΓΙΩΤΗΣ Φαρίν Λακτέ 6+ Μηνών με 30% λιγότερα σάκχαρα 300gr,2.43
2025-02-02,9249749,NUTRICIA Biskotti Μπισκότα 6+ Μηνών 180gr,2.38
2025-02-02,1218664,NESTLE Nan Optipro 3 Ρόφημα Γάλακτος από τον 1ο Χρόνο σε σκόνη 800gr,18.13
2025-02-02,7524606,NESTLE Nan Optipro 2 Γάλα 2ης Βρεφικής Ηλικίας από τον 6ο Μήνα σε σκόνη 800gr,18.52
2025-02-02,1476059,NESTLE Έτοιμο Γεύμα Λαχανικά με Μοσχάρι από 6 Μηνών Χωρίς γλουτένη 190gr,2.35
2025-02-02,1569448,FRISOMEL 2 Γάλα 2ης Βρεφικής Ηλικίας +6 Μηνών σε σκόνη 800gr,17.3
2025-02-02,1097246,NESTLE Nan Optipro 1 Γάλα για Βρέφη από τη Γέννηση σε σκόνη 800gr,22.4
2025-02-02,4751848,ΓΙΩΤΗΣ Sanilac 3 Γάλα 3ης Βρεφικής Ηλικίας 12+ Μηνών σε σκόνη 400gr,9.78
2025-02-02,1225014,NESTLE Φρουτοπουρές Μήλο Μπανάνα Βρόμη από 6 Μηνών 90gr,1.63
2025-02-02,1578030,ΝΟΥΝΟΥ Φαρίν Λακτέ με Σιτάλευρο &amp; Γάλα 300gr,3.45
2025-02-02,1569431,FRISOLAC 1 Γάλα 1ης Βρεφικής Ηλικίας 0-6 Μηνών σε σκόνη 800gr,21.73
2025-02-02,1575533,GERBER Grain &amp; Grow Κρέμα με Σιτάρι &amp; Βρόμη με γεύση Μπισκότο από 6+ μηνών Βιολογική Χωρίς προσθήκη ζάχαρης 200gr,4.42
2025-02-02,1476058,NESTLE Έτοιμο Γεύμα Λαχανικά με Κοτόπουλο από 7 Μηνών Χωρίς γλουτένη 190gr,2.35
2025-02-02,1450133,HIPP Σνακ Τραγανά Τυροδαχτυλίδια Βιολογικά 25gr,3.13
2025-02-02,1575531,GERBER Φρουτοπουρές Μήλο Μπανάνα Μύρτιλο &amp; Βατόμουρο από 6+ μηνών Βιολογικός Χωρίς προσθήκη ζάχαρης 90gr,2.19
2025-02-02,1063919,NUTRICIA Almiron 2 Γάλα 2ης Βρεφικής Ηλικίας 6-12 Μηνών σε σκόνη χωρίς φοινικέλαιο 800gr,20.0
2025-02-02,1559671,ΝΟΥΝΟΥ Κρέμα Βανίλια με Ρυζάλευρο &amp; Γάλα Χωρίς γλουτένη 350gr,5.55
2025-02-02,1846195,NESTLE Επιδόρπιο Γάλακτος Βανίλια από 6 Μηνών Χωρίς γλουτένη 4x100gr,3.6
2025-02-02,1551510,HIPP Μπάρες Δημητριακών Παιδικές με Βρόμη Ροδάκινο &amp; Μήλο Βιολογικές 5x20gr,6.7
2025-02-02,7217649,ΓΙΩΤΗΣ Μπισκοτόκρεμα 6+ Μηνών 300gr,5.26
2025-02-02,1518017,FRISOGROW 3 Γάλα 3ης Βρεφικής Ηλικίας 1-3 Ετών Easy Lid 400gr,10.57
2025-02-02,1063920,NUTRICIA Almiron 3 Νηπιακό Ρόφημα Γάλακτος 1-2 Ετών σε σκόνη χωρίς φοινικέλαιο 800gr,21.17
2025-02-02,4688834,ΓΙΩΤΗΣ Sanilac 2 Γάλα 2ης Βρεφικής Ηλικίας 6+ Μηνών σε σκόνη 400gr,9.88
2025-02-02,1232352,Παστίτσιο ΣΚΛΑΒΕΝΙΤΗΣ Παραγωγής μας 400gr,4.9
2025-02-02,1232350,Γεμιστά με Ρύζι ΣΚΛΑΒΕΝΙΤΗΣ Παραγωγής μας 450gr,5.1
2025-02-02,1453946,Σαλάτα Caesar&#39;s ΦΡΕΣΚΟΥΛΗΣ με Κοτόπουλο 260gr,4.25
2025-02-02,1232342,Μουσακάς ΣΚΛΑΒΕΝΙΤΗΣ Παραγωγής μας 400gr,5.8
2025-02-02,1022035,Αραβική Πίτα με Κοτόπουλο &amp; Τσένταρ ΣΤΕΡΓΙΟΥ 155gr,2.0
2025-02-02,1433910,Σαλάτα Κινόα με Κοτόπουλο ΣΚΛΑΒΕΝΙΤΗΣ Παραγωγής μας 280gr,3.7
2025-02-02,1232358,Μπιφτέκια Σχάρας με Πατάτες Φούρνου ΣΚΛΑΒΕΝΙΤΗΣ Παραγωγής μας 400gr,5.5
2025-02-02,1232397,Λαχανοντολμάδες ΣΚΛΑΒΕΝΙΤΗΣ Παραγωγής μας 450gr,5.5
2025-02-02,1232403,Γιουβαρλάκια με Αυγολέμονο ΣΚΛΑΒΕΝΙΤΗΣ Παραγωγής μας 450gr,4.9
2025-02-02,1232449,Φακές ΣΚΛΑΒΕΝΙΤΗΣ Παραγωγής μας 400gr,2.7
2025-02-02,1478367,Σαλάτα Ζυμαρικών Πένες με Κοτόπουλο &amp; Μοτσαρέλα ΣΚΛΑΒΕΝΙΤΗΣ Παραγωγής μας 280gr,3.4
2025-02-02,1232448,Ρεβίθια ΣΚΛΑΒΕΝΙΤΗΣ Παραγωγής μας 400gr,2.7
2025-02-02,1448974,Μπιφτέκια Γαλοπούλας με Ρύζι &amp; Λαχανικά ΣΚΛΑΒΕΝΙΤΗΣ Παραγωγής μας 400gr,5.1
2025-02-02,2404275,Cheeseburger με Ένταμ &amp; Sauce ΣΤΕΡΓΙΟΥ 150gr,1.9
2025-02-02,1232450,Σουφλέ με Ταλιατέλες ΣΚΛΑΒΕΝΙΤΗΣ Παραγωγής μας 350gr,4.4
2025-02-02,1022224,Αραβική Πίτα με Γαλοπούλα &amp; Τσένταρ ΣΤΕΡΓΙΟΥ 130gr ,1.78
2025-02-02,1275412,Κοτόπουλο στο Φούρνο με Πατάτες ΣΚΛΑΒΕΝΙΤΗΣ Παραγωγής μας 400gr,5.3
2025-02-02,1250470,Φασολάδα ΣΚΛΑΒΕΝΙΤΗΣ Παραγωγής μας 400gr,2.7
2025-02-02,1232353,Μακαρόνια με Κιμά ΣΚΛΑΒΕΝΙΤΗΣ Παραγωγής μας 480gr,4.7
2025-02-02,1617450,Σπανάκι με Ρεβίθια Γιαχνί ΣΚΛΑΒΕΝΙΤΗΣ Παραγωγής μας 400gr,2.7
2025-02-02,1232355,Γιουβέτσι ΣΚΛΑΒΕΝΙΤΗΣ Παραγωγής μας 440gr,6.5
2025-02-02,1534266,Ψαρόσουπα ΣΚΛΑΒΕΝΙΤΗΣ Παραγωγής μας 450gr,3.9
2025-02-02,1232357,Χόρτα ΣΚΛΑΒΕΝΙΤΗΣ Παραγωγής μας 400gr ,4.1
2025-02-02,1292013,Σπανακόρυζο ΣΚΛΑΒΕΝΙΤΗΣ Παραγωγής μας 450gr,2.7
2025-02-02,1581050,Νουντλς Ρυζιού (Πλατιά) με Λαχανικά ΣΚΛΑΒΕΝΙΤΗΣ Παραγωγής μας 280gr,2.9
2025-02-02,1071726,Φάβα ΣΚΛΑΒΕΝΙΤΗΣ Παραγωγής μας 300gr,2.1
2025-02-02,1232390,Λαχανικά στον Ατμό ΣΚΛΑΒΕΝΙΤΗΣ Παραγωγής μας 450gr,3.1
2025-02-02,1389962,Πένες Ολικής με Σάλτσα Μανιταριών ΣΚΛΑΒΕΝΙΤΗΣ Παραγωγής μας 450gr,2.9
2025-02-02,2404382,Σάντουιτς με Καπνιστή Γαλοπούλα &amp; Τυρί Ένταμ ΣΤΕΡΓΙΟΥ 165gr,1.65
2025-02-02,1232385,Ψάρι με Λαχανικά στον Ατμό ΣΚΛΑΒΕΝΙΤΗΣ Παραγωγής μας 400gr,5.3
2025-02-02,1273210,Σουτζουκάκια με Ρύζι ΣΚΛΑΒΕΝΙΤΗΣ Παραγωγής μας 450gr,4.9
2025-02-02,1250469,Μακαρόνια με Σάλτσα Ντομάτας ΣΚΛΑΒΕΝΙΤΗΣ Παραγωγής μας 480gr,2.5
2025-02-02,2446565,Κρουασάν με Καπνιστή Γαλοπούλα &amp; Ένταμ ΣΤΕΡΓΙΟΥ 170gr,2.2
2025-02-02,1292027,Μακαρόνια Καρμπονάρα ΣΚΛΑΒΕΝΙΤΗΣ Παραγωγής μας 450gr,3.7
2025-02-02,1273212,Κοτόπουλο Σχάρας με Λαχανικά ΣΚΛΑΒΕΝΙΤΗΣ Παραγωγής μας 380gr,5.1
2025-02-02,1534268,Κοτόσουπα ΣΚΛΑΒΕΝΙΤΗΣ Παραγωγής μας 450gr,3.7
2025-02-02,1534265,Σούπα Λαχανικών Βελουτέ ΣΚΛΑΒΕΝΙΤΗΣ Παραγωγής μας 450gr,2.5
2025-02-02,1273215,Κοτομπουκιές με Μπέικον &amp; Ρύζι με Λαχανικά ΣΚΛΑΒΕΝΙΤΗΣ Παραγωγής μας 400gr,5.8
2025-02-02,1421637,Χοιρινό με Σέλινο ΣΚΛΑΒΕΝΙΤΗΣ Παραγωγής μας 400gr,4.9
2025-02-02,1260946,Κριθαρότο με Γαρίδες ΣΚΛΑΒΕΝΙΤΗΣ Παραγωγής μας 400gr,5.3
2025-02-02,1021960,Σάντουιτς με Τυρί Cheddar &amp; Στήθος Κοτόπουλου σε Φρατζολάκι ΣΤΕΡΓΙΟΥ 180gr,2.2
2025-02-02,1453954,Σαλάτα Italian ΦΡΕΣΚΟΥΛΗΣ με Τυρί &amp; Ντοματίνια 220gr,3.58
2025-02-02,1453948,Σαλάτα Caprese ΦΡΕΣΚΟΥΛΗΣ με Μοτσαρέλα 250gr,3.98
2025-02-02,1292022,Αγκινάρες με Αρακά ΣΚΛΑΒΕΝΙΤΗΣ Παραγωγής μας 400gr,3.9
2025-02-02,1232392,Πατάτες Φούρνου ΣΚΛΑΒΕΝΙΤΗΣ Παραγωγής μας 400gr,3.3
2025-02-02,1624613,Σαλάτα Cobb ΦΡΕΣΚΟΥΛΗΣ με Κοτόπουλο 280gr,4.25
2025-02-02,1433909,Σαλάτα Κινόα με Ρεβίθια ΣΚΛΑΒΕΝΙΤΗΣ Παραγωγής μας 280gr,2.9
2025-02-02,4748893,Σάντουιτς με Ψωμί Ολικής Άλεσης Καπνιστή Γαλοπούλα &amp; Τυρί Ένταμ ΣΤΕΡΓΙΟΥ 150gr,2.4
2025-02-02,1273213,Μαυρομάτικα Σαλάτα ΣΚΛΑΒΕΝΙΤΗΣ Παραγωγής μας 400gr,2.7
2025-02-02,1274590,Σάντουιτς με Ψωμί Ολικής Άλεσης με Καπνιστό Σολομό Κάπαρη &amp; Τυρί Κρέμα ΣΤΕΡΓΙΟΥ Premium 145gr ,2.9
2025-02-02,1232444,Μοσχάρι Κοκκινιστό με Πουρέ ΣΚΛΑΒΕΝΙΤΗΣ Παραγωγής μας 400gr,6.5
2025-02-02,1534267,Σούπα με Μοσχάρι ΣΚΛΑΒΕΝΙΤΗΣ Παραγωγής μας 450gr,4.9
2025-02-02,4748760,Τοστ με Τυρί Edam &amp; Καπνιστή Γαλοπούλα ΣΤΕΡΓΙΟΥ 105gr ,1.2
2025-02-02,1276091,Σαλάτα Quinoa ΦΡΕΣΚΟΥΛΗΣ με Ξηρούς Καρπούς &amp; Κράνμπερις Vegan 250gr,3.4
2025-02-02,1453952,Σαλάτα Tuna ΦΡΕΣΚΟΥΛΗΣ με Καλαμπόκι  250gr,3.48
2025-02-02,1219980,Sushi MY SUSHI Rolled To Go 200gr,5.3
2025-02-02,1490664,Χοιρινό Κότσι TULIP σιγομαγειρεμένο 600gr,5.45
2025-02-02,1581049,Μανιταρόσουπα ΣΚΛΑΒΕΝΙΤΗΣ Παραγωγής μας 450gr,3.4
2025-02-02,1021834,Burger Brioche Classic ΟΙΚΟΓΕΝΕΙΑ ΣΤΕΡΓΙΟΥ 210gr,2.9
2025-02-02,1578031,Σαλάτα ΦΡΕΣΚΟΥΛΗΣ Super Bowl με Πληγούρι &amp; Καρότο Vegan 180gr +20% Δωρεάν Προϊόν,3.5
2025-02-02,1021959,Burger Brioche με Σάλτσα Barbeque ΟΙΚΟΓΕΝΕΙΑ ΣΤΕΡΓΙΟΥ 220gr,2.9
2025-02-02,1454835,Στρούντελ με Καπνιστή Γαλοπούλα &amp; Κρέμα Τυριού ΟΙΚΟΓΕΝΕΙΑ ΣΤΕΡΓΙΟΥ 200gr,2.2
2025-02-02,1219979,Sushi MY SUSHI Classic To Go 200gr,5.85
2025-02-02,1490662,Χοιρινά Παϊδάκια Spareribs ΤULIP σιγομαγειρεμένα 550gr,7.15
2025-02-02,1271145,Sushi MY SUSHI Rainbow To Go 200gr,5.75
2025-02-02,1573705,Σαλάτα Caesar&#39;s ΦΡΕΣΚΟΥΛΗΣ Vegan 260gr,4.25
2025-02-02,1572433,Noodles με Ψητό Σολομό &amp; Σάλτσα Teriyaki MY SUSHI 230gr,5.4
2025-02-02,1572434,Noodles με Βραστές Γαρίδες &amp; Σάλτσα Yakisoba MY SUSHI 230gr ,5.4
2025-02-02,1276230,Χαλβάς ΜΑΚΕΔΟΝΙΚΟΣ με Σοκολάτα Χωρίς γλουτένη 40gr,0.9
2025-02-02,1478686,Ελιές Καλαμών XENIA σε Άλμη με Λιγότερο αλάτι 330gr,2.2
2025-02-02,1227633,Αγγουράκια ΜΑΚΕΔΟΝΙΚΗ ΓΗ σε Άλμη Vegan 400gr ,2.1
2025-02-02,1455506,Καπνιστός Σολομός σε κομμάτια Νορβηγίας 200gr,3.98
2025-02-02,6749733,Χαλβάς ΜΑΚΕΔΟΝΙΚΟΣ με γεύση Βανίλια Χωρίς γλουτένη 40gr,0.9
2025-02-02,1136572,Χούμους IFANTIS Κλασικό Vegan Χωρίς γλουτένη 400gr,2.98
2025-02-02,1227618,Κάπαρη ΜΑΚΕΔΟΝΙΚΗ ΓΗ σε Άλμη Vegan 110gr,1.5
2025-02-02,6835524,Ελιές Καλαμών ΧΕΝΙΑ φέτες σε Άλμη 200gr ,3.2
2025-02-02,1320745,Σολομός KING Νορβηγίας 200gr,6.45
2025-02-02,1478687,Ελιές Καλαμών XENIA Χονδρές σε Άλμη 330gr,2.3
2025-02-02,1223747,Τυροκαυτερή ΑΛΦΑ ΓΕΥΣΗ 250gr,2.65
2025-02-02,1223838,Λιαστές Ντομάτες ΜΑΚΕΔΟΝΙΚΗ ΓΗ σε Ηλιέλαιο Vegan 200gr,2.64
2025-02-02,7694854,Τζατζίκι IFANTIS Χωρίς γλουτένη 400gr,3.1
2025-02-02,1541280,Χαλβάς Σοκολατένιος ΜΑΚΕΔΟΝΙΚΟΣ με Φουντούκια Χωρίς γλουτένη 40gr,1.0
2025-02-02,1223778,Κοπανισμένη Τυροκαυτή ΑΛΦΑ ΓΕΥΣΗ με Κόκκινες Πιπεριές 250gr,2.85
2025-02-02,1612296,Πιπεριές Κόκκινες ΜΑΚΕΔΟΝΙΚΗ ΓΗ ψητές Vegan 500gr,3.0
2025-02-02,1175229,Πιπεριές Κόκκινες ΜΑΚΕΔΟΝΙΚΗ ΓΗ Ψητές Vegan 350gr,2.26
2025-02-02,1355976,Χαλβάς ΜΑΚΕΔΟΝΙΚΟΣ Espresso Χωρίς γλουτένη 40gr,0.9
2025-02-02,4485561,Ελιές Πράσινες XENIA γεμιστές με Πιπεριά σε Άλμη 205gr ,3.42
2025-02-02,1297525,Πάστα Κόκκινης Ψητής Πιπεριάς ΜΑΚΕΔΟΝΙΚΗ ΓΗ με Φέτα 200gr,1.88
2025-02-02,1223835,Αγγουράκια ΜΑΚΕΔΟΝΙΚΗ ΓΗ Vegan 200gr,1.53
2025-02-02,1294625,Πάστα Ελιάς LELIA Καλαμών 360gr,3.3
2025-02-02,6835516,Ελιές Καλαμών ΧΕΝΙΑ χωρίς Κουκούτσι σε Άλμη 180gr,3.2
2025-02-02,1226096,Καπνιστός Σολομός YORK Ατλαντικού 150gr,5.79
2025-02-02,1276664,Καπνιστός Σολομός ST.JAMES Σκωτίας 100gr,5.64
2025-02-02,1393861,Χούμους IFANTIS Λεμόνι Χωρίς γλουτένη 400gr,3.4
2025-02-02,1227638,Ελιές Καλαμών ALEA LACONICA φέτες για Σαλάτα 180gr,2.8
2025-02-02,1223725,Ρώσικη Σαλάτα ΕΛΒΙΣ 900gr,3.36
2025-02-02,1223764,Τυροσαλάτα ΑΛΦΑ ΓΕΥΣΗ 250gr,2.65
2025-02-02,7416449,Ελιές Πράσινες GAEA Βιολογικές 170gr,2.54
2025-02-02,1223834,Αγγουράκια Μέτρια ROYAL MEDITERRANEAN 370gr,2.72
2025-02-02,7227945,Ελιές Πράσινες XENIA φέτες σε Άλμη 190gr,2.42
2025-02-02,1223749,Τζατζίκι ΑΛΦΑ ΓΕΥΣΗ 250gr,2.4
2025-02-02,1612297,Αγγουράκια ΜΑΚΕΔΟΝΙΚΗ ΓΗ Burger Style σε φέτες Vegan 130gr,1.35
2025-02-02,1136569,Χτυπητή Τυροκαυτερή IFANTIS με Πιπεριά Φλωρίνης Χωρίς Γλουτένη 400gr,3.98
2025-02-02,1460411,Χούμους IFANTIS Πιπεριά Φλωρίνης Χωρίς γλουτένη 250gr,2.92
2025-02-02,7694797,Ρώσικη Σαλάτα IFANTIS Χωρίς γλουτένη 400gr,2.32
2025-02-02,2808301,Ρώσικη Σαλάτα ΒΕΜ 450gr,3.9
2025-02-02,7416431,Ελιές Καλαμών GAEA Βιολογικές 175gr,3.15
2025-02-02,1227658,Πάστα Ελιάς XENIA Καλαμών 135gr +35% Δωρεάν Προϊόν,2.6
2025-02-02,9199688,Χαλβάς Χειροποίητος ΑΦΟΙ ΧΑΪΤΟΓΛΟΥ με Κακάο Χωρίς γλουτένη 400gr,2.3
2025-02-02,1530768,Σαλάτα Guacamole IFANTIS Vegan Χωρίς γλουτένη 200gr,4.3
2025-02-02,1223728,Τυροκαυτερή ΑΛΦΑ ΓΕΥΣΗ 450gr,4.18
2025-02-02,1224494,Σαλάτα Κηπουρού ΑΛΦΑ ΓΕΥΣΗ 250gr,2.64
2025-02-02,1579037,Έδεσμα Σουσαμιού ΟΛΥΜΠΟΣ Σοκολάτα με Στέβια Χωρίς γλουτένη 40gr,0.65
2025-02-02,1405037,Γαύρος Μαρινάτος ΑΣΤΕΡΙΑΣ 90gr,4.1
2025-02-02,1585209,Καπνιστός Σολομός ROYAL Νορβηγίας σε φέτες 100gr,4.8
2025-02-02,1425300,Ελιές Καλαμών ΧΕΝΙΑ με 40% Λιγότερο αλάτι σε φέτες 150gr ,3.14
2025-02-02,1633637,ΜΑΡΑΤΑ Κεφίρ 500ml,1.0
2025-02-02,1633638,ΜΑΡΑΤΑ Κεφίρ με γεύση Φράουλα 500ml,1.0
2025-02-02,1221409,ΜΑΡΑΤΑ Γάλα Υψηλής Παστερίωσης Πλήρες 1lt,1.05
2025-02-02,1221410,ΜΑΡΑΤΑ Γάλα Υψηλής Παστερίωσης Ελαφρύ 1lt,1.05
2025-02-02,6520100,ΝΟΥΝΟΥ Family Γάλα Υψηλής Παστερίωσης Ελαφρύ 1-5lt,2.72
2025-02-02,6520126,ΝΟΥΝΟΥ Family Γάλα Υψηλής Παστερίωσης Πλήρες 1-5lt,2.72
2025-02-02,1537085,ΜΑΡΑΤΑ Φρέσκο Γάλα Πλήρες 3-5% 1lt,0.95
2025-02-02,8801102,ΟΛΥΜΠΟΣ Επιλεγμένο Φρέσκο Γάλα Πλήρες 1lt,1.68
2025-02-02,1393219,ΜΑΡΑΤΑ Γάλα Χωρίς λακτόζη 1lt,1.75
2025-02-02,1069383,ΔΕΛΤΑ Μμμmilk Οικογενειακό Γάλα Υψηλής Παστερίωσης Ελαφρύ 1-5% 1-5lt,2.16
2025-02-02,1069373,ΔΕΛΤΑ Μμμmilk Οικογενειακό Γάλα Υψηλής Παστερίωσης Πλήρες 3-5% 1-5lt,2.16
2025-02-02,5203849,ΝΟΥΝΟΥ Family Γάλα Υψηλής Παστερίωσης Πλήρες 1lt,1.94
2025-02-02,9811456,ΟΛΥΜΠΟΣ Επιλεγμένο Φρέσκο Γάλα Ελαφρύ 1-7% Λιπαρά 1lt,1.68
2025-02-02,1537084,ΜΑΡΑΤΑ Φρέσκο Γάλα Ελαφρύ 1-5% 1lt,0.95
2025-02-02,5203815,ΝΟΥΝΟΥ Family Γάλα Υψηλής Παστερίωσης Ελαφρύ 1lt,1.94
2025-02-02,1275448,ΟΛΥΜΠΟΣ Καρπός Αμύγδαλο Ρόφημα Φυτικό Vegan Χωρίς γλουτένη Χωρίς λακτόζη Χωρίς ζάχαρη 1lt,2.4
2025-02-02,2742617,ΟΛΥΜΠΟΣ Γάλα Υψηλής Παστερίωσης Πλήρες 3-7% Βιολογικό 1lt,2.3
2025-02-02,1223831,ALPRO Ρόφημα Αμυγδάλου Vegan Χωρίς γλουτένη Χωρίς λακτόζη Χωρίς ζάχαρη 1lt,2.98
2025-02-02,1125324,ΡΟΔΟΠΗ Γάλα Κατσικίσιο Πλήρες 3-7% 1lt,2.8
2025-02-02,1439021,ΝΟΥΝΟΥ Family Γάλα Υψηλής Παστερίωσης Ελαφρύ Χωρίς λακτόζη 1lt,2.6
2025-02-02,4905436,ΔΕΛΤΑ Advance Ρόφημα Γάλακτος Υψηλής Παστερίωσης 1lt,2.06
2025-02-02,1047625,ΟΛΥΜΠΟΣ Freelact Γάλα Υψηλής Παστερίωσης Χωρίς λακτόζη 1-5% 1lt,2.7
2025-02-02,1170331,ΦΑΡΜΑ ΚΟΥΚΑΚΗ Φρέσκο Γάλα Πλήρες 1lt,1.82
2025-02-02,5376801,ΟΛΥΜΠΟΣ Ζωής Γάλα Υψηλής Παστερίωσης Πλήρες 3-7% Λιπαρά 1-5lt,2.6
2025-02-02,1483054,ΟΛΥΜΠΟΣ Μεγαλώνω Ρόφημα Αγελαδινού Γάλακτος Υψηλής Παστερίωσης 1lt,1.95
2025-02-02,1380780,ΡΟΔΟΠΑΚΙ Γάλα με Κακάο 3x250ml,2.0
2025-02-02,4300091,ΟΛΥΜΠΟΣ Γάλα Κατσικίσιο 3-7% 1lt,2.84
2025-02-02,1047624,ΟΛΥΜΠΟΣ Μεγαλώνω Bio Ρόφημα Αγελαδινού Γάλακτος Παιδικό Βιολογικό 1lt,2.75
2025-02-02,1259987,ΟΛΥΜΠΟΣ Γάλα Υψηλής Παστερίωσης Κατσικίσιο Βιολογικό 3-7% 1lt,3.26
2025-02-02,1592759,ΟΛΥΜΠΟΣ Κεφίρ Φρούτα του Δάσους Χωρίς προσθήκη ζάχαρης 330ml,1.3
2025-02-02,6168967,FRULITE Βoost Φρουτοποτό Πορτοκάλι Μήλο Βερίκοκο 500ml,1.72
2025-02-02,5376942,ΟΛΥΜΠΟΣ Ζωής Γάλα Υψηλής Παστερίωσης Ελαφρύ 1-7% Λιπαρά 1-5lt,2.6
2025-02-02,1592761,ΟΛΥΜΠΟΣ Κεφίρ Φράουλα Χωρίς προσθήκη ζάχαρης 330ml,1.3
2025-02-02,1430779,ΟΛΥΜΠΟΣ Καρπός Protein Αμύγδαλο Ρόφημα Φυτικό Vegan Χωρίς γλουτένη Χωρίς λακτόζη 1lt,2.6
2025-02-02,6460174,ΝΟΥΝΟΥ Kid Ρόφημα Γάλακτος Υψηλής Παστερίωσης Παιδικό από 2 Ετών 1-5lt,2.84
2025-02-02,8528077,ΕΒΟΛ Γάλα με Κακάο 230ml,0.79
2025-02-02,1558845,MILKO Free Γάλα με Κακάο Χωρίς προσθήκη ζάχαρης 450ml,1.34
2025-02-02,5317466,ΟΛΥΜΠΟΣ Φυσικός Χυμός Μήλο Πορτοκάλι Καρότο 1lt,2.4
2025-02-02,1185167,ΡΟΔΟΠΗ Γάλα Κατσικίσιο Ελαφρύ 1-7% 1lt,2.8
2025-02-02,1274524,ΟΛΥΜΠΟΣ Μεγαλώνω Bio Ρόφημα Κατσικίσιου Γάλακτος Παιδικό Βιολογικό 1lt,3.35
2025-02-02,1567542,ΦΑΡΜΑ ΚΟΥΚΑΚΗ Κεφίρ Κόκκινα Φρούτα 4x200ml,3.43
2025-02-02,7358088,ΟΛΥΜΠΟΣ Κεφίρ 500ml,1.5
2025-02-02,1069338,ΔΕΛΤΑ Μμμmilk Οικογενειακό Γάλα Υψηλής Παστερίωσης Ελαφρύ 1-5% 1lt,1.56
2025-02-02,1140260,ΟΛΥΜΠΟΣ Γάλα Κατσικίσιο 1-7% 1lt,2.84
2025-02-02,1036274,ΟΛΥΜΠΟΣ Φυσικός Χυμός Πορτοκάλι 1-5lt,4.5
2025-02-02,3462694,ΜΕΒΓΑΛ Κεφίρ 500ml,1.35
2025-02-02,1483057,ΟΛΥΜΠΟΣ Μεγαλώνω Ρόφημα Κατσικίσιου Γάλακτος Υψηλής Παστερίωσης 1lt,2.55
2025-02-02,6545172,ΟΛΥΜΠΟΣ Γάλα Υψηλής Παστερίωσης Ελαφρύ 1-7% Βιολογικό 1lt,2.3
2025-02-02,1558989,MILKO Γάλα με Κακάο 450ml,1.34
2025-02-02,1223769,ALPRO Ρόφημα Αμυγδάλου με γεύση Σοκολάτα Vegan Χωρίς γλουτένη Χωρίς λακτόζη 1lt,3.43
2025-02-02,1097683,FRULITE Boost Φρουτοποτό Νεκταρίνι Πορτοκάλι 500ml,1.72
2025-02-02,1509830,ΟΛΥΜΠΟΣ Φυσικός Χυμός 9 Φρούτα με 7 Βιταμίνες 1-5lt,3.13
2025-02-02,1223955,ΟΛΥΜΠΟΣ Φυσικός Χυμός Μήλο Πορτοκάλι Καρότο 250ml,0.9
2025-02-02,1447661,ΟΛΥΜΠΟΣ Φυσικός Χυμός Μήλο Πορτοκάλι Καρότο 1-5lt,3.13
2025-02-02,1274499,ΦΑΡΜΑ ΚΟΥΚΑΚΗ Κεφίρ Κόκκινα Φρούτα 330ml,1.07
2025-02-02,1069322,ΔΕΛΤΑ Μμμmilk Οικογενειακό Γάλα Υψηλής Παστερίωσης Πλήρες 3-5% 1lt,1.56
2025-02-02,1227273,ΡΟΔΟΠΑΚΙ Γάλα με Κακάο 500ml τα 50ml Δώρο,1.33
2025-02-02,1079499,ΔΕΛΤΑ Μμμmilk Γάλα Υψηλής Παστερίωσης Χωρίς λακτόζη 1lt,2.35
2025-02-02,1479343,ΟΛΥΜΠΟΣ Καρπός Βρόμη Φουντούκι Ρόφημα Φυτικό Vegan Χωρίς λακτόζη 1lt,2.5
2025-02-02,1460184,ARLA Protein Shake Ρόφημα Γάλακτος με γεύση Σοκολάτα Χωρίς λακτόζη Χωρίς προσθήκη ζάχαρης 250ml,1.46
2025-02-02,1558087,ΔΕΛΤΑ Αμύγδαλο Ρόφημα Vegan Χωρίς γλουτένη Χωρίς λακτόζη Χωρίς προσθήκη ζάχαρης 1-5lt,4.0
2025-02-02,3462611,ALPRO Ρόφημα Σόγιας Βανίλια Vegan Χωρίς γλουτένη Χωρίς λακτόζη 1lt,3.43
2025-02-02,1815455,ΦΑΡΜΑ ΚΟΥΚΑΚΗ Φρέσκο Γάλα Ελαφρύ 1-5% 1lt,1.82
2025-02-02,1062086,ΟΛΥΜΠΟΣ Από Σπίτι Φυσικός Χυμός Πορτοκάλι 1lt,3.8
2025-02-02,1477055,ΔΕΛΤΑ Του Τόπου Μας Γάλα Υψηλής Παστερίωσης 3-7% 1lt,1.88
2025-02-02,1220480,ΔΕΛΤΑ Smart Φυσικός Χυμός Κεράσι Φράουλα 200ml,1.12
2025-02-02,1524991,ΜΕΒΓΑΛ Κεφίρ Κατσικίσιο 200ml,1.18
2025-02-02,1394680,ΟΛΥΜΠΟΣ Καρπός Αμύγδαλο Ρόφημα Φυτικό με Κακάο Vegan Χωρίς γλουτένη Χωρίς λακτόζη 500ml,1.58
2025-02-02,1477069,ΔΕΛΤΑ Του Τόπου Μας Γάλα Υψηλής Παστερίωσης 1-5% 1lt,1.88
2025-02-02,1253067,ΟΛΥΜΠΟΣ Φυσικός Χυμός Πορτοκάλι 250ml,1.32
2025-02-02,1558086,ΔΕΛΤΑ Βρόμη &amp; 3 Super Σπόροι Ρόφημα Vegan Χωρίς λακτόζη Χωρίς προσθήκη ζάχαρης 1-5lt,4.0
2025-02-02,1498459,ΝΟΥΝΟΥ Family Γάλα Υψηλής Παστερίωσης Πλήρες 3-6% Βιολογικό 1lt,2.38
2025-02-02,1223810,Γκούντα σε φέτες Γερμανίας 350gr,2.26
2025-02-02,1584112,Φέτα ΚΑΡΑΛΗΣ Ηπείρου ΠΟΠ 400gr,3.95
2025-02-02,1223801,Τυρί MILNER σε φέτες Ολλανδίας 350gr,3.78
2025-02-02,1223823,Γκούντα τριμμένο Γερμανίας 300gr,1.98
2025-02-02,1274583,Cottage ROYAL 200gr,1.58
2025-02-02,1514305,Γκούντα ΝΟΥΝΟΥ σε φέτες 350gr,3.8
2025-02-02,1221929,Ένταμ σε φέτες Ολλανδίας 350gr,2.26
2025-02-02,1108062,Λευκό Τυρί ΡΟΔΟΠΗ 400gr,2.96
2025-02-02,1095104,Κατίκι Δομοκού ΗΠΕΙΡΟΣ Ορεινές Πλαγιές ΠΟΠ 200gr,2.32
2025-02-02,3661238,Cottage DIROLLO 2-2% Λιπαρά 225gr,2.9
2025-02-02,4024915,Cottage FLAIR 225gr,3.52
2025-02-02,1253062,Παρμεζάνα AMBROSI Reggiano ΠΟΠ τριμμένη 100gr,2.58
2025-02-02,1221420,Μοτσαρέλα Αυστρίας σε φέτες 350gr,2.7
2025-02-02,1221422,Μοτσαρέλα Αυστρίας ALPILAND τριμμένη 250gr,1.92
2025-02-02,1596306,Τυρί ΜΑΡΑΤΑ Light σε φέτες Δανίας 300gr,2.88
2025-02-02,1221918,Σκληρό Τυρί Ελασσόνας τριμμένο 250gr,2.47
2025-02-02,1088093,Γκούντα ΝΟΥΝΟΥ σε φέτες 340gr,4.1
2025-02-02,9869413,Τυρί ΦΑΓΕ Τρικαλινό Ελαφρύ σε φέτες 200gr,3.3
2025-02-02,1222656,Σκληρό Τυρί ΟΛΥΜΠΟΣ τριμμένο 250gr,3.6
2025-02-02,1223773,Μοτσαρέλα ROYAL Φρέσκια 19% Λιπαρά 125gr,1.32
2025-02-02,1570771,Τυρί Κρέμα ARLA Light 200gr,1.84
2025-02-02,1221897,Γραβιέρα ΚΑΡΑΛΗΣ με Γάλα Αμφιλοχίας 300gr,4.95
2025-02-02,1194921,Τυρί Κρέμα ROYAL 200gr,1.64
2025-02-02,1444049,Ανθότυρο Ηπείρου Παραδοσιακό ΚΑΡΑΛΗΣ  250gr,1.8
2025-02-02,3624095,Γκούντα ΝΟΥΝΟΥ σε φέτες 200gr,2.3
2025-02-02,1194714,Κεφαλοτύρι ΟΛΥΜΠΟΣ τριμμένο 150gr,3.3
2025-02-02,1221896,Βαρελίσια Φέτα ΣΥΝΕΤΑΙΡΙΣΜΟΣ ΚΑΛΑΒΡΥΤΩΝ ΠΟΠ,6.15
2025-02-02,4063087,Τυρί Κρέμα PHILADELPHIA Light 200gr,2.68
2025-02-02,7015670,Τυρί Κρέμα PHILADELPHIA 300gr,2.98
2025-02-02,1221842,Φέτα ΚΑΡΑΛΗΣ Ηπείρου ΠΟΠ 200gr,2.07
2025-02-02,1514363,Φέτα ΗΠΕΙΡΟΣ ΠΟΠ σε Άλμη Χωρίς λακτόζη 400gr,5.68
2025-02-02,1223686,Πεκορίνο Αμφιλοχίας ΚΑΡΑΛΗΣ τριμμένο 250gr,4.1
2025-02-02,3738424,Τυρί MILNER σε φέτες 300gr,4.62
2025-02-02,1156630,Γραβιέρα Νάξου Ε.Α.Σ. ΠΟΠ 250gr,4.72
2025-02-02,1541024,Τυρί Mix 3 Τυριών Τριμμένο 175gr,2.58
2025-02-02,1220119,Ανθότυρο ΟΡΕΙΝΟ ΧΩΡΙΟ 250gr,1.62
2025-02-02,3624210,Γκούντα ΝΟΥΝΟΥ Light σε φέτες 175gr,2.39
2025-02-02,1221931,Ένταμ τριμμένο Ολλανδίας 300gr,1.98
2025-02-02,1017456,Παρμεζάνα PARMAREGGIO Reggiano ΠΟΠ 150gr,3.65
2025-02-02,1188799,Regato KERRYGOLD Classic ΠΟΠ τριμμένο Ιρλανδίας 400gr,4.97
2025-02-02,6782767,Μοτσαρέλα DIROLLO Φρέσκια 8-5% Λιπαρά 125gr,1.68
2025-02-02,1392160,Regato ΜΑΡΑΤΑ τριμμένο Ιρλανδίας 400gr,4.96
2025-02-02,1594867,Cottage ADORO 200gr,1.85
2025-02-02,9869447,Φέτα ΔΩΔΩΝΗ ΠΟΠ σε Άλμη 400gr,6.75
2025-02-02,1511921,Ημίσκληρο Τυρί BABYBEL Mini σε μερίδες 160gr,3.98
2025-02-02,9810482,Φέτα ΗΠΕΙΡΟΣ ΠΟΠ σε Άλμη 1kg,13.6
2025-02-02,1423709,Creamy Gouda ADORO σε φέτες 175gr,2.34
2025-02-02,1511268,Ημίσκληρο Τυρί ΛΟΓΑΔΙ σε φέτες 350gr,5.58
2025-02-02,1476804,Τυρί Κρέμα ADORO Light 200gr,2.25
2025-02-02,1061334,Τυρί KERRYGOLD Tirotrella σε μπαστουνάκια 80gr,2.75
2025-02-02,1223819,Γκούντα σε φέτες Γερμανίας 1kg,6.5
2025-02-02,4245346,Αιγοπρόβειο Τυρί ΗΠΕΙΡΟΣ Ελαφρύ σε Άλμη 400gr,6.0
2025-02-02,1276292,Άλμη ΓΑΡΟΣ 1lt,1.06
2025-02-02,1297631,Cottage ARLA Protein 200gr,2.1
2025-02-02,1435121,Φέτα ΔΟΥΚΙΔΗΣ Θράκης ΠΟΠ 400gr,4.3
2025-02-02,1411679,Cottage PHILADELPHIA Protein 200gr,2.38
2025-02-02,1379394,Τυρί ARLA Protein Delite Ημίσκληρο σε φέτες 5% 150gr,2.38
2025-02-02,1272380,Κεφαλοτύρι τριμμένο 180gr,2.6
2025-02-02,1570770,Τυρί Κρέμα ARLA 300gr,3.38
2025-02-02,1511910,Ημίσκληρο Τυρί BABYBEL Mini σε μερίδες 100gr,2.7
2025-02-02,1582808,Cottage ARLA 200gr,2.4
2025-02-02,1576428,Τυρί Κρέμα LA VACHE QUI RIT Τυροβουτιές με Κριτσινάκια 140gr,2.85
2025-02-02,1006500,Λευκό Τυρί ΡΟΔΟΠΗ 900gr,5.76
2025-02-02,1393950,Φέτα ΣΥΝΕΤΑΙΡΙΣΜΟΣ ΚΑΛΑΒΡΥΤΩΝ ΠΟΠ 400gr,5.4
2025-02-02,1125933,Ημίσκληρο Τυρί ΗΠΕΙΡΟΣ Οικογενειακό σε φέτες 180gr,2.7
2025-02-02,1532431,Cottage PHILADELPHIA 200gr,2.38
2025-02-02,1454862,Τυρί BABYBEL Mini Rolls Ημίσκληρο σε μερίδες Χωρίς λακτόζη 85gr,2.53
2025-02-02,1221899,Γραβιέρα Αμφιλοχίας ΚΑΡΑΛΗΣ τριμμένη 250gr,4.1
2025-02-02,1223982,Φέτα ΗΠΕΙΡΟΣ ΠΟΠ σε Άλμη με Λιγότερο αλάτι 400gr,6.0
2025-02-02,1505465,Τυρί Κρέμα PHILADELPHIA Extra Protein 175gr,2.98
2025-02-02,1509121,Κρεμώδες Τυρί LA VACHE QUI RIT Light σε τρίγωνα 16τεμ 267gr,3.94
2025-02-02,1450963,Τυρί Κρέμα ΗΠΕΙΡΟΣ Αλειφωτή με Φέτα 200gr,2.13
2025-02-02,4060802,MISKO Σπαγγέτι Νο6 500gr,1.18
2025-02-02,4060810,MISKO Σπαγγετίνη Νο10 500gr,1.18
2025-02-02,1217799,SUDZUCKER Ζάχαρη Λευκή Κρυσταλλική 1kg,0.73
2025-02-02,1221484,ΜΑΡΑΤΑ Ντομάτα Passata Ελαφρά Συμπυκνωμένος Χυμός 500gr,0.48
2025-02-02,1221661,ΜΑΡΑΤΑ Ντομάτες ψιλοκομμένες 400gr,0.65
2025-02-02,1223413,ΣΚΛΑΒΕΝΙΤΗΣ Ρύζι Μπλου Μπόνετ Ελληνικό 500gr,0.95
2025-02-02,1227949,ΜΑΡΑΤΑ Ντομάτες τριμμένες 500gr,0.73
2025-02-02,1221723,ΜΑΡΑΤΑ Σπαγγέτι Νο6 500gr,0.62
2025-02-02,4168464,MELISSA Σπαγγέτι Νο6 500gr,0.67
2025-02-02,5461025,ΦΙΝΟ Ξίδι Χωρίς γλουτένη 390ml,0.32
2025-02-02,1221789,ΜΑΡΑΤΑ Αλεύρι για Όλες τις Χρήσεις 1kg,0.7
2025-02-02,8408452,PUMMARO Ντομάτα Πασσάτα Κλασικό 500gr,0.68
2025-02-02,1223408,ΣΚΛΑΒΕΝΙΤΗΣ Ρύζι Καρολίνα Ελληνικό 500gr,1.08
2025-02-02,4658795,KYKNOS Ντοματοπελτές Διπλής Συμπύκνωσης 70gr,0.65
2025-02-02,1223400,ΣΚΛΑΒΕΝΙΤΗΣ Ρύζι Μπασμάτι Εισαγωγής 500gr,1.58
2025-02-02,1221809,ΜΑΡΑΤΑ Πένες Ριγέ 500gr,0.62
2025-02-02,1221511,ΑΤΛΑΣ Βανιλίνη 5τεμ 3gr,0.35
2025-02-02,1221729,ΜΑΡΑΤΑ Λαζάνια 500gr,0.6
2025-02-02,4622353,KYKNOS Ντομάτα τριμμένη 500gr,0.97
2025-02-02,1302723,ΜΑΡΑΤΑ Χυμός Ντομάτας Ελαφρά Συμπυκνωμένος 3x250gr,1.18
2025-02-02,1163732,KYKNOS Ντοματοπολτός Διπλής Συμπύκνωσης 70gr,0.7
2025-02-02,1223409,ΣΚΛΑΒΕΝΙΤΗΣ Φακές ψιλές Ελληνικές 500gr,1.15
2025-02-02,4166229,MELISSA Σπαγγετίνη Νο10 500gr,0.67
2025-02-02,1221466,ΜΑΡΑΤΑ Φαρίνα 500gr,0.42
2025-02-02,1614077,NIKAS Λουκάνικα τύπου Φρανκφούρτης Χωρίς γλουτένη 280gr +20gr Δωρεάν Προϊόν,2.35
2025-02-02,1221801,BUENAS Καπνιστή Γαλοπούλα σε φέτες Χωρίς γλουτένη 300gr,2.4
2025-02-02,1208504,CRETA FARMS Εν Ελλάδι Καπνιστή Γαλοπούλα σε φέτες Χωρίς γλουτένη 160gr ,2.25
2025-02-02,1221822,BUENAS Βραστή Γαλοπούλα σε φέτες Χωρίς γλουτένη 300gr,2.4
2025-02-02,1208496,CRETA FARMS Εν Ελλάδι Βραστή Γαλοπούλα Φιλέτο σε φέτες Χωρίς γλουτένη 160gr ,2.25
2025-02-02,1583546,ΕΔΕΣΜΑ Καπνιστή Γαλοπούλα Χωρίς γλουτένη 160gr,1.58
2025-02-02,1429958,CRETA FARMS Χωρίς Γαλοπούλα Ψητή με Ελαιόλαδο Χωρίς γλουτένη 200gr,2.54
2025-02-02,1221767,BUENAS Σαλάμι Αέρος σε φέτες Χωρίς γλουτένη 200gr,1.98
2025-02-02,1220877,TOSTAKI Καπνιστή Γαλοπούλα Φιλέτο σε φέτες Χωρίς γλουτένη 160gr,1.75
2025-02-02,1221817,IFANTIS Fouantre Καπνιστή Γαλοπούλα σε φέτες Χωρίς γλουτένη 300gr,5.68
2025-02-02,1560379,TOSTAKI Κοτόπουλο Ψητό σε Φέτες Χωρίς γλουτένη 160gr,1.44
2025-02-02,1221788,BUENAS Βραστή Πάριζα σε φέτες 300gr,1.52
2025-02-02,1491881,CRETA FARMS Χωρίς Ζαμπόν Καπνιστό σε φέτες Χωρίς γλουτένη 200gr,4.26
2025-02-02,1221448,BUENAS Ζαμπόν σε φέτες Χωρίς γλουτένη 300gr,1.95
2025-02-02,1210901,CRETA FARMS Εν Ελλάδι Ψητό Κοτόπουλο σε φέτες Χωρίς γλουτένη 160gr  ,2.85
2025-02-02,1270722,CRETA FARMS Εν Ελλάδι Μπέικον Καπνιστό Χωρίς γλουτένη 100gr,2.0
2025-02-02,1221769,BUENAS Λουκάνικα τύπου Φρανκφούρτης Χωρίς γλουτένη 280gr,1.3
2025-02-02,1493863,BUENAS Μπέικον Καπνιστό Ελλάδος Χωρίς γλουτένη,3.88
2025-02-02,1132859,CRETA FARMS Εν Ελλάδι Λουκάνικα Φρανκφούρτης Χωρίς γλουτένη 300gr ,3.85
2025-02-02,1096546,CRETA FARMS Εν Ελλάδι Πάριζα σε φέτες Χωρίς γλουτένη 160gr ,1.9
2025-02-02,1594052,TOSTAKI Βραστή Γαλοπούλα Φιλέτο σε φέτες Χωρίς γλουτένη 160gr,1.75
2025-02-02,1200741,IFANTIS Καπνιστή Γαλοπούλα Φιλέτο σε φέτες Χωρίς γλουτένη 160gr,2.93
2025-02-02,1584111,BUENAS Λουκάνικα Κοτόπουλου τύπου Φρανκφούρτης Χωρίς γλουτένη 140gr,0.65
2025-02-02,1614081,NIKAS Νιτσιάκος Ψητό Κοτόπουλο σε φέτες Χωρίς γλουτένη 160gr +40% Δωρεάν Προϊόν,2.86
2025-02-02,1223630,IFANTIS Καπνιστό Μπέικον 300gr,4.32
2025-02-02,1221793,NIKAS Μπέικον Χωρίς γλουτένη 150gr,2.3
2025-02-02,1620104,ΕΔΕΣΜΑ Πάριζα σε φέτες Χωρίς γλουτένη 160gr,0.93
2025-02-02,1221450,BUENAS Χοιρινή Ωμοπλάτη Χωρίς γλουτένη 300gr,1.9
2025-02-02,1145548,IFANTIS Καπνιστό Μπέικον Χωρίς γλουτένη 100gr,1.9
2025-02-02,1221782,IFANTIS Βραστή Μορταδέλα 200gr,1.36
2025-02-02,1268831,CRETA FARMS Εν Ελλάδι Γαλοπούλα Καπνιστή Χωρίς γλουτένη 300gr,4.05
2025-02-02,1203424,IFANTIS Ferrano Σαλάμι Αέρος σε φέτες Χωρίς γλουτένη 70gr,1.56
2025-02-02,1207156,IFANTIS Βραστή Γαλοπούλα Φιλέτο σε φέτες Χωρίς γλουτένη 160gr,2.93
2025-02-02,1223822,CASA MODENA Προσούτο Crudo 80gr,3.12
2025-02-02,1227243,ΜΑΔΕΡΑΚΗΣ Λουκάνικα Κοκτέιλ 300gr,1.76
2025-02-02,1200683,IFANTIS Πάριζα σε φέτες Χωρίς γλουτένη 160gr,1.23
2025-02-02,1200753,IFANTIS Βραστό Ζαμπόν Μπούτι σε φέτες Χωρίς γλουτένη 160gr,2.68
2025-02-02,1139297,IFANTIS Fouantre Ζαμπόν Μπούτι Καπνιστό Χωρίς γλουτένη 300gr,5.1
2025-02-02,1268827,CRETA FARMS Εν Ελλάδι Κοτόπουλο Ψητό Τοστ Χωρίς γλουτένη 300gr,4.8
2025-02-02,1540374,BUENAS Παριζάκι Χωρίς γλουτένη 600gr,1.98
2025-02-02,1221775,ΜΑΡΑΤΑ Λουκάνικα Χοιρινά με Πράσο Χωρίς γλουτένη 360gr,2.74
2025-02-02,8787855,IFANTIS Σαλάμι Αέρος σε φέτες Χωρίς γλουτένη 100gr,2.42
2025-02-02,1210849,TOSTAKI Πάριζα Χωρίς γλουτένη 160gr,0.95
2025-02-02,1630917,ALLANTON Καπνιστή Γαλοπoύλα Χωρίς γλουτένη 300gr,2.22
2025-02-02,1223625,ΘΡΑΚΗΣ ΓΕΥΣΕΙΣ Μορταδέλα σε φέτες Χωρίς γλουτένη 160gr,1.88
2025-02-02,1223714,BUENAS Σετ Γαλοπούλα Καπνιστή &amp; Ένταμ Μειωμένων Λιπαρών σε φέτες Χωρίς γλουτένη 360gr,3.36
2025-02-02,1226567,CRETA FARMS Εν Ελλάδι Γαλοπούλα Καπνιστή σε φέτες Χωρίς γλουτένη 200gr,2.22
2025-02-02,1226563,CRETA FARMS Εν Ελλάδι Γαλοπούλα Βραστή σε φέτες Χωρίς γλουτένη 200gr,2.22
2025-02-02,7512494,CRETA FARMS Εν Ελλάδι Λουκάνικα Κοκτέιλ Χωρίς γλουτένη 240gr,3.36
2025-02-02,1221772,ΜΑΡΑΤΑ Λουκάνικα Χοιρινά Κλασικά Χωρίς γλουτένη 360gr,2.65
2025-02-02,7096084,IFANTIS Fouantre Γαλοπούλα Καπνιστή Χωρίς γλουτένη 120gr,3.48
2025-02-02,1614075,NIKAS Καπνιστή Γαλοπούλα σε φέτες Χωρίς γλουτένη 160gr +40% Δωρεάν Προϊόν,2.48
2025-02-02,1614078,NIKAS Βραστή Γαλοπούλα σε φέτες Χωρίς γλουτένη 30% Λιγότερο αλάτι 160gr +Δωρεάν Προϊόν,3.25
2025-02-02,1540386,BUENAS Παριζάκι Χωρίς γλουτένη 330gr,1.1
2025-02-02,4695425,AIA Wudy Λουκάνικα Κοτόπουλο &amp; Γαλοπούλα με Τυρί Χωρίς γλουτένη 150gr,1.15
2025-02-02,1471337,IFANTIS Σαλάμι Αέρος Πικάντικο σε φέτες Χωρίς γλουτένη 100gr,2.48
2025-02-02,1589722,ΘΡΑΚΗΣ ΓΕΥΣΕΙΣ Καπνιστή Γαλοπούλα Χωρίς γλουτένη 160gr,2.88
2025-02-02,1223047,ΝΤΕΛΗΜΑΡΗ Σαλάμι Αέρος Λευκάδος 225gr,4.55
2025-02-02,1223595,ΜΑΡΑΤΑ Λουκάνικα Χοιρινά Πικάντικα Χωρίς γλουτένη 360gr,2.68
2025-02-02,1436367,CASA MODENA Μορταδέλα Bologna με Φιστίκι ΠΓΕ 125gr,3.05
2025-02-02,1221791,NIKAS Καπνιστή Μπριζόλα Χοιρινή Χωρίς γλουτένη 190gr,3.3
2025-02-02,1469396,NIKAS Ψητή Γαλοπούλα σε φέτες Χωρίς γλουτένη 200gr,4.14
2025-02-02,1221798,IFANTIS Καπνιστή Γαλοπούλα Φιλέτο σε φέτες 200gr,3.25
2025-02-02,1485860,CRETA FARMS Εν Ελλάδι Σετ Γαλοπούλα Καπνιστή &amp; Ένταμ Χωρίς γλουτένη 280gr,4.4
2025-02-02,1223583,ΜΑΔΕΡΑΚΗΣ Λουκάνικα τύπου Φρανκφούρτης 270gr,1.66
2025-02-02,1559849,CRETA FARMS Λουκάνικα Γαλοπούλας τύπου Φρανκφούρτης 30% Λιγότερο αλάτι Χωρίς γλουτένη 270gr,4.58
2025-02-02,1177797,IFANTIS Παριζάκι Χωρίς γλουτένη 500gr,3.27
2025-02-02,1558636,CRETA FARMS Μορταδέλα Χωρίς γλουτένη 200gr,1.94
2025-02-02,1195037,IFANTIS Ferrano Ζαμπόν σε φέτες Χωρίς γλουτένη 70gr,1.76
2025-02-02,1221760,NIKAS Σαλάμι Αέρος Ελληνικό σε φέτες Χωρίς γλουτένη 130gr,2.25
2025-02-02,1614079,NIKAS Ζαμπόν σε φέτες Χωρίς γλουτένη 160gr +40% Δωρεάν Προϊόν,2.98
2025-02-02,1195034,IFANTIS Ferrano Μορταδέλα Χωρίς γλουτένη 70gr,1.0
2025-02-02,1631417,ΙΟΝ Γάλακτος Σοκολάτα 100gr,1.88
2025-02-02,1414368,ΙΟΝ Σοκοφρέτα Γκοφρέτα Σοκολάτας Γάλακτος με Στέβια Χωρίς προσθήκη ζάχαρης 30gr,0.55
2025-02-02,4173779,ΙΟΝ Σοκοφρέτα Γκοφρέτα Σοκολάτας Γάλακτος 38gr,0.55
2025-02-02,3614195,ΠΑΥΛΙΔΗΣ Γκοφρέτα με Σοκολάτα Υγείας και Κρέμα Κακάο 34gr,0.58
2025-02-02,4173761,ΙΟΝ Σοκοφρέτα Γκοφρέτα Σοκολάτας Γάλακτος με Φουντούκια 38gr,0.55
2025-02-02,1352907,BONORA Γκοφρέτα με Σοκολάτα Γάλακτος 33gr,0.28
2025-02-02,8943789,ΠΑΠΑΔΟΠΟΥΛΟΥ Πτι Μπερ Μπισκότα 3x225gr,2.6
2025-02-02,4188108,ΠΑΠΑΔΟΠΟΥΛΟΥ Caprice Γκοφρέτα Πουράκια Classic 400gr,3.98
2025-02-02,7432834,ΠΑΠΑΔΟΠΟΥΛΟΥ Πολυδημητριακά Μπισκότα με 4 Δημητριακά &amp; Σοκολάτα 160gr,1.88
2025-02-02,1154583,KINDER Bueno Γκοφρέτα 5x43gr,4.5
2025-02-02,1374143,ΠΑΠΑΔΟΠΟΥΛΟΥ Γεμιστά Μπισκότα με γεύση Σοκολάτα 3x200gr,2.95
2025-02-02,1352906,BONORA Γκοφρέτα με Σοκολάτα Υγείας 33gr,0.28
2025-02-02,7947237,ΙΟΝ Σοκοφρέτα Mini Γκοφρέτα Σοκολάτας Γάλακτος 210gr,2.94
2025-02-02,2013613,NESTLE Smarties Κουφετάκια Σοκολάτας 38gr,0.8
2025-02-02,1414370,ΙΟΝ Σοκοφρέτα Γκοφρέτα Σοκολάτας Υγείας με Στέβια Χωρίς προσθήκη ζάχαρης 30gr,0.55
2025-02-02,4173811,ΙΟΝ Derby Σοκολάτα Classic 38gr,0.55
2025-02-02,3614351,ΠΑΠΑΔΟΠΟΥΛΟΥ Digestive Μπισκότα με Επικάλυψη Μαύρης Σοκολάτας 200gr,1.83
2025-02-02,4176863,LILA PAUSE Σοκολάτα με Γέμιση γεύση Φράουλα 34gr,1.08
2025-02-02,1003946,KINDER Σοκολάτα Χωρίς γλουτένη 16τεμ 200gr,3.37
2025-02-02,5254057,ΠΑΥΛΙΔΗΣ 3Bit Σοκολάτα 65gr,1.2
2025-02-02,1485725,BONORA Γκοφρέτα με Φουντούκια 33gr,0.34
2025-02-02,1450674,ΠΑΠΑΔΟΠΟΥΛΟΥ Μιράντα Μπισκότα 30% Λιγότερη ζάχαρη 250gr,1.67
2025-02-02,1484984,ΠΑΠΑΔΟΠΟΥΛΟΥ Πτι Μπερ Μπισκότα Χωρίς προσθήκη ζάχαρης 225gr,1.34
2025-02-02,4173381,ΙΟΝ Αμυγδάλου Σοκολάτα Γάλακτος 100gr,1.93
2025-02-02,1408586,BONORA Σοκολάτα Μαύρη 100gr,1.0
2025-02-02,4576153,ΠΑΠΑΔΟΠΟΥΛΟΥ Digestive Μπισκότα Vegan Χωρίς ζάχαρη 250gr,2.06
2025-02-02,1205094,ΙΟΝ Γάλακτος με Στέβια Χωρίς γλουτένη Χωρίς προσθήκη ζάχαρης 60gr,1.7
2025-02-02,1538482,AMARETTI Γκοφρετάκια Classic 3x68gr,1.83
2025-02-02,8943698,ΠΑΠΑΔΟΠΟΥΛΟΥ Cream Crackers με Σίκαλη Ολικής Άλεσης Vegan 175gr,1.47
2025-02-02,1042354,ΑΦΟΙ ΧΑΪΤΟΓΛΟΥ Παστέλι Μακεδονικό 100gr,1.05
2025-02-02,3060407,ΙΟΝ Σοκοφρέτα Mini Γκοφρέτα Σοκολάτας Υγείας 210gr,2.94
2025-02-02,4488532,ΜΕΛΕΚΟΥΝΙ Ρόδου ΠΓΕ Χωρίς γλουτένη 60gr,1.05
2025-02-02,4275392,MALTESERS Σοκολατίνια 37gr,1.05
2025-02-02,4183521,ΠΑΠΑΔΟΠΟΥΛΟΥ Cream Crackers Σίτου 140gr,1.47
2025-02-02,1588494,ΑΛΛΑΤΙΝΗ Soft Kings Μπισκότα Triple Chocolate Chunks 160gr,2.17
2025-02-02,1297051,ΠΑΥΛΙΔΗΣ Kiss Σοκολάτα Γάλακτος με γέμιση γεύσης Φράουλας 27-5gr,0.53
2025-02-02,6046940,ΠΑΠΑΔΟΠΟΥΛΟΥ Caprice Γκοφρέτα Πουράκια Classic 2x115gr,3.25
2025-02-02,1572277,BONORA Digestive Μπισκότα 400gr,1.35
2025-02-02,7432768,ΠΑΠΑΔΟΠΟΥΛΟΥ Πολυδημητριακά Μπισκότα με 4 Δημητριακά &amp; Κακάο Χωρίς ζάχαρη 175gr,1.98
2025-02-02,1284430,FRUITIES Ζελεδάκια σε Διάφορες Γεύσεις 400gr,2.0
2025-02-02,1295633,ΑΛΛΑΤΙΝΗ Goody Μπισκότα Κανέλας 185gr,1.25
2025-02-02,6568737,ΠΑΥΛΙΔΗΣ Σοκολάτα Υγείας με 70% Κακάο 100gr,2.27
2025-02-02,4728929,CAOTONIC Choco Σοκολάτα 20gr,0.58
2025-02-02,2454692,ΠΑΠΑΔΟΠΟΥΛΟΥ Mini Cookies Μπισκότα με Κομμάτια Σοκολάτας 70gr,0.8
2025-02-02,7432800,ΠΑΠΑΔΟΠΟΥΛΟΥ Πολυδημητριακά Μπισκότα με 4 Δημητριακά &amp; Muesli 175gr,1.88
2025-02-02,1227382,ΒΙΟΛΑΝΤΑ Μπισκότα Βρόμης με Μαύρη Σοκολάτα 200gr,1.88
2025-02-02,4173167,ΙΟΝ Γάλακτος Σοκολάτα 100gr,1.88
2025-02-02,5433404,ΠΑΠΑΔΟΠΟΥΛΟΥ Cream Crackers με Σίκαλη Ολικής Άλεσης Vegan 5x47gr,2.35
2025-02-02,1115353,ΠΑΠΑΔΟΠΟΥΛΟΥ Cream Crackers Σίτου Vegan Χωρίς ζάχαρη 165gr,1.47
2025-02-02,1294627,LACTA Oreo Σοκολάτα Γάλακτος 37gr,0.77
2025-02-02,3644861,ΠΑΠΑΔΟΠΟΥΛΟΥ Πτι Μπερ Μπισκότα με Μαύρη Σοκολάτα Ολικής Άλεσης 200gr,1.98
2025-02-02,1205096,ΙΟΝ Αμυγδάλου Σοκολάτα Γάλακτος με Στέβια Χωρίς γλουτένη 60gr,1.7
2025-02-02,1588489,ΑΛΛΑΤΙΝΗ Soft Kings Μπισκότα Chocolate Chunks 160gr,2.17
2025-02-02,6045454,ΣΑΡΑΝΤΗΣ Παστέλι με Μέλι Χωρίς γλουτένη 33-4gr,0.6
2025-02-02,4016903,ΑΛΛΑΤΙΝΗ Goody Μπισκότα Βουτύρου 175gr,1.31
2025-02-02,1030877,ΠΑΠΑΔΟΠΟΥΛΟΥ Digestive Μπισκότα με Επικάλυψη Σοκολάτα Γάλακτος 200gr,2.05
2025-02-02,1118667,TWIX Σοκολάτα 50gr,1.05
2025-02-02,1216916,NESTLE Kit Kat Γκοφρέτα Σοκολάτα 41-5gr,0.68
2025-02-02,2320349,ΙΟΝ Σοκοφρέτα Γκοφρέτα Σοκολάτας Υγείας 38gr,0.55
2025-02-02,3565421,ΑΛΛΑΤΙΝΗ Cookie Bites Μπισκότα με Κομμάτια Σοκολάτας 70gr,0.84
2025-02-02,1615730,ΠΑΥΛΙΔΗΣ Σοκολάτα Υγείας 4x30gr,2.7
2025-02-02,1049157,ΙΟΝ Σοκοφρέτα Γκοφρέτα Σοκολάτας Γάλακτος Γάλακτος 4x38gr,1.98
2025-02-02,4035101,NESTLE Crunch White Σοκολάτα Λευκή Χωρίς γλουτένη 100gr,1.65
2025-02-02,6568745,ΠΑΥΛΙΔΗΣ Σοκολάτα Υγείας με Πορτοκάλι 100gr,2.24
2025-02-02,1528695,BONORA Σοκολάτα Γάλακτος με Κόκκους Ρυζιού 100gr,0.95
2025-02-02,1510602,ΠΑΥΛΙΔΗΣ Σοκολατίνια Υγείας 350gr,6.2
2025-02-02,8958126,CRUNCH Σοκολάτα Γάλακτος Χωρίς γλουτένη 100gr,1.65
2025-02-02,8613846,ION Break Σοκολάτα με ολόκληρα Φουντούκια 85gr,1.88
2025-02-02,1032493,ΙΟΝ Σοκοφρέτα Mini Γκοφρέτα Σοκολάτας Γάλακτος με Φουντούκια 210gr,2.94
2025-02-02,4183851,ΠΑΠΑΔΟΠΟΥΛΟΥ Πτι Μπερ Μπισκότα 225gr,1.0
2025-02-02,1118673,SNICKERS Σοκολάτα 50gr,1.05
2025-02-02,5433362,ΠΑΠΑΔΟΠΟΥΛΟΥ Cream Crackers Σίτου 5x43gr,2.35
2025-02-02,1379003,BONORA Μπισκότα Γεμιστά Κακάο 500gr,1.75
2025-02-02,4448171,NESTLE Kit Kat Mini Γκοφρετάκια με Σοκολάτα Γάλακτος 200gr,2.45
2025-02-02,1601196,ΙΟΝ Mini Derby Σοκολατάκια Classic 210gr,2.94
2025-02-02,1205105,ΙΟΝ Dark Σοκολάτα με Στέβια Χωρίς γλουτένη Χωρίς προσθήκη ζάχαρης 60gr,1.7
2025-02-02,2454965,ΠΑΠΑΔΟΠΟΥΛΟΥ Μιράντα Μπισκότα 6x30gr,1.64
2025-02-02,6965388,TOTTIS Serenata Γκοφρέτα με Σοκολάτα Γάλακτος Classic 3x33gr,1.25
2025-02-02,1632096,LACTA Nuts Σοκολάτα Γάλακτος με Ολόκληρο Αμύγδαλο 100gr,1.34
2025-02-02,1132173,ΠΑΠΑΔΟΠΟΥΛΟΥ 2πλο Γεμιστά Μπισκότα με γεύση Σοκολάτα 230gr,1.65
2025-02-02,1272670,HALLS Καραμέλες Μέλι Λεμόνι Χωρίς ζάχαρη 32gr,0.98
2025-02-02,1632097,LACTA Nuts Σοκολάτα Γάλακτος με Ολόκληρο Φουντούκι 100gr,1.34
2025-02-02,1182410,JANNIS Παστέλι Σουσάμι μπάρες Χωρίς γλουτένη 45gr,0.75
2025-02-02,5500319,OREO Μπισκότα Γεμιστά Original 154gr,1.58
2025-02-02,1408595,BONORA Σοκολάτα Γάλακτος Αμυγδάλου 100gr,1.0
2025-02-02,1442618,TRIDENT Senses Τσίχλες Δυόσμος Χωρίς ζάχαρη 14τεμ 27gr,1.08
2025-02-02,1586270,CHUPA CHUPS Γλειφιτζούρι Διάφορα Φρούτα,0.38
2025-02-02,1491479,ΒΙΟΛΑΝΤΑ Μπισκότα Βρόμης με Μαύρη Σοκολάτα Χωρίς ζάχαρη 200gr,1.98
2025-02-02,4621306,MARS Σοκολάτα 51gr,1.05
2025-02-02,4187894,ΠΑΠΑΔΟΠΟΥΛΟΥ Choco Orange Soft Μπισκότα με γέμιση Μαρμελάδας Πορτοκαλιού &amp; Επικάλυψη Σοκολάτας 150gr,2.2
2025-02-02,1295052,ΙΟΝ Γάλακτος Sticks Σοκολάτα 35gr,0.88
2025-02-02,4188389,ΠΑΠΑΔΟΠΟΥΛΟΥ Γεμιστά Μπισκότα με γεύση Σοκολάτα 200gr,1.1
2025-02-02,1448834,ΠΑΥΛΙΔΗΣ Σοκολάτα Υγείας Γεμιστή με Κρέμα με γεύση Φράουλα 100gr,2.24
2025-02-02,1558457,BONORA Σοκολάτα Μαύρη με 74% Κακάο 100gr,1.3
2025-02-02,5434121,ΠΑΠΑΔΟΠΟΥΛΟΥ Mini Digestive Μπισκότα Χωρίς ζάχαρη 70gr,0.75
2025-02-02,8943755,ΠΑΠΑΔΟΠΟΥΛΟΥ Cream Crackers με Σίκαλη Ολικής Άλεσης Vegan 3x175gr,3.9
2025-02-02,1582546,BABYCARE Μωρομάντιλα Sensitive Plus 2x54τεμ +1 Δώρο,2.2
2025-02-02,1395917,ALWAYS Daily to Go Σερβιετάκια Normal Fresh Scent 20τεμ,1.38
2025-02-02,1596533,ALWAYS Ultra Σερβιέτες No2 Long 36τεμ,3.98
2025-02-02,1604753,BABYLINO Sensitive Pants Πάνες Βρακάκι Cotton Soft Νο5 10-16kg 34τεμ,8.83
2025-02-02,1221455,ΓΛΑΡΟΣ Χαρτί Κουζίνας Επαγγελματικό 800gr,2.5
2025-02-02,1221559,ΓΛΑΡΟΣ Χαρτοπετσέτες 30x30cm 110τεμ 190gr,0.78
2025-02-02,1221496,ΓΛΑΡΟΣ Χαρτομάντιλα Γραφείου 100τεμ 127gr,0.85
2025-02-02,1221499,ΓΛΑΡΟΣ Χαρτί Υγείας 3 Φύλλων 10τεμ 1300gr,4.65
2025-02-02,1066807,BABYCARE Μωρομάντιλα Χαμομήλι 3x72τεμ,2.46
2025-02-02,1405367,ΓΛΑΡΟΣ Χαρτί Υγείας Μίνι 2 Φύλλων 10τεμ 750gr,2.46
2025-02-02,1226747,WHITE LEAF Zik Zak Χειροπετσέτες 200τεμ 300gr,1.75
2025-02-02,1532748,SEPTONA Baby Μωρομάντιλα Calm n&#39; Care Χαμομήλι 2x80τεμ +1 Δώρο,2.6
2025-02-02,1221518,ΓΛΑΡΟΣ Χαρτί Υγείας 4 Φύλλων 10τεμ 1400gr,5.1
2025-02-02,1221459,ΓΛΑΡΟΣ Χαρτί Κουζίνας Γίγας 2x543gr,3.8
2025-02-02,5305289,ZEWA Deluxe Χαρτί Υγείας Camomile Comfort 3 Φύλλων 8τεμ 728gr,3.76
2025-02-02,1221500,ΓΛΑΡΟΣ Χαρτομάντιλα Τσέπης 6τεμ 132gr,0.72
2025-02-02,1226715,WHITE LEAF Χαρτομάντιλα Facial 100 φύλλα 126gr,0.8
2025-02-02,1300092,SETTE Comfort Υποσέντονα 60x90cm 15τεμ,3.6
2025-02-02,1221505,ΓΛΑΡΟΣ Χαρτί Υγείας 2 Φύλλων 12τεμ 1380gr,5.28
2025-02-02,1068547,EVERYDAY Hyperdry Σερβιέτες Ultra Plus Maxi Night 18τεμ,2.13
2025-02-02,1532749,SEPTONA Baby Μωρομάντιλα Calm n&#39; Care με Αλόη 2x60τεμ +1 Δώρο,2.25
2025-02-02,5944269,ZEWA Exclusive Χαρτί Υγείας Ultra Soft 4 Φύλλων 8τεμ 912gr,4.66
2025-02-02,1221494,ΓΛΑΡΟΣ Χαρτί Κουζίνας 4x133gr,2.1
2025-02-02,1024080,EVERYDAY Hyperdry Σερβιέτες Ultra Plus Super 18τεμ,2.13
2025-02-02,1600201,SOFTEX Classic Cotton Χαρτί Υγείας 3 Φύλλων 8τεμ 624gr,2.92
2025-02-02,1221781,SOFTCARE Χαρτοπετσέτες Καρό Πορτοκαλί 80τεμ 110gr,0.58
2025-02-02,1150822,SOFTEX Classic Χαρτομάντιλα Γραφείου 100τεμ 126gr,1.55
2025-02-02,1027677,EVERYDAY Hyperdry Σερβιέτες Ultra Plus Normal 18τεμ,2.13
2025-02-02,1221488,ΓΛΑΡΟΣ Χαρτί Κουζίνας 2x133gr,1.12
2025-02-02,1373597,SOFTEX Silk Χαρτί Υγείας 3 Φύλλων 8τεμ 760gr,3.5
2025-02-02,1582542,BABYCARE Calming Μωρομάντιλα με Εκχυλίσματα Λεβάντας &amp; Βαμβακιού 2x63τεμ +1 Δώρο,2.9
2025-02-02,1600202,SOFTEX ProEco Χαρτί Κουζίνας 433gr,1.89
2025-02-02,1373598,SOFTEX Velvet Χαρτί Υγείας 4 Φύλλων 8τεμ 824gr,3.98
2025-02-02,1532724,SEPTONA Family Μωρομάντιλα Dermasoft Χαμομήλι 2x12τεμ +2 Δώρο,1.33
2025-02-02,1221550,ΓΛΑΡΟΣ Χαρτοπετσέτες 33x33cm 25τεμ 138gr,0.73
2025-02-02,1496944,ALWAYS Ultra Σερβιέτες No5 Secure Night Extra 10τεμ,2.42
2025-02-02,1500646,ZEWA Softis Χαρτομάντιλα Γραφείου Natural Soft 4 Φύλλων 80τεμ 193gr,2.58
2025-02-02,1401713,ΓΛΑΡΟΣ Χαρτί Υγείας Λείο 2 Φύλλων 12τεμ 1800gr,5.85
2025-02-02,1221565,ΓΛΑΡΟΣ Χαρτοπετσέτες Μίνι 24x24cm 250τεμ 252gr,1.2
2025-02-02,9106469,ZEWA Deluxe Χαρτομάντιλα Γραφείου Design 3 Φύλλων 90τεμ 162gr,2.55
2025-02-02,1143766,EVERYDAY All Cotton Σερβιετάκια Extra Long 30τεμ +14 Δώρο,3.68
2025-02-02,1226446,SOFTCARE Χαρτί Κουζίνας Decor 760gr,2.94
2025-02-02,1136362,SANI Sensitive Υποσέντονα Maxi Plus 90x60Cm 15τεμ,4.8
2025-02-02,1556779,EVERYDAY Sensitive Cotton Σερβιέτες Ultra Plus Maxi Night 18τεμ +Νεσεσέρ Δώρο,2.2
2025-02-02,1556777,EVERYDAY Sensitive Cotton Σερβιέτες Ultra Plus Super 18τεμ +Νεσεσέρ Δώρο,2.2
2025-02-02,1037178,SANI Sensitive Υποσέντονα Maxi Plus Fresh 90x60cm 15τεμ,4.7
2025-02-02,1223509,ZEWA Softis Χαρτομάντιλα Γραφείου Αρωματικά 4 Φύλλων 80τεμ 193gr,2.58
2025-02-02,9106477,ZEWA Wisch&amp;Weg Χαρτί Κουζίνας Extra Lang 2x188gr,4.78
2025-02-02,1112217,PANTENE Repair &amp; Protect Μάσκα για Αδύναμα &amp; Ταλαιπωρημένα Μαλλιά 300ml,5.97
2025-02-02,1614583,GILLETTE Fusion 5 Ανταλλακτικές Κεφαλές Ξυρίσματος 8τεμ,26.38
2025-02-02,6299002,GILETTE Ξυριστική Μηχανή Mach 3 +2 Ανταλλακτικές Κεφαλές,9.08
2025-02-02,1591752,ORAL-B iO Ultimate Clean Ανταλλακτικές Κεφαλές για Ηλεκτρική Οδοντόβουρτσα 2τεμ,16.98
2025-02-02,1591057,BIOTEN Hydro X-Cell Κρέμα Τζελ Ματιών για Mείωση των Μαύρων Κύκλων 15ml,6.35
2025-02-02,1491882,WET HANKIES Extra Safe Υγρομάντιλα Αντιβακτηριδιακά 63τεμ ,1.98
2025-02-02,1066754,ORAL-B Οδοντόκρεμα 1-2-3 Μέντα 75ml,0.78
2025-02-02,1211140,ΤΟ ΠΡΩΤΟ Αλκοολούχος Λοσιόν 93% με Άρωμα Λεμόνι 420ml,1.43
2025-02-02,1394179,SETTE Elements Κρεμοσάπουνο Sweet Vanilla Ανταλλακτικό 1lt,1.65
2025-02-02,1529164,SETTE Elements Μπατονέτες 300τεμ,1.45
2025-02-02,1375673,SETTE Elements Δίσκοι Ντεμακιγιάζ Διπλής Όψης 120τεμ,1.25
2025-02-02,1145439,WET HANKIES Υγρομάντιλα Αντιβακτηριδιακά με Άρωμα Λεμόνι 72τεμ,1.88
2025-02-02,6389977,WET HANKIES Υγρομάντιλα Αντιβακτηριδιακά με Άρωμα Λεμόνι 2x15τεμ +2 Δώρο,1.35
2025-02-02,4043493,COLGATE White Teeth Οδοντόκρεμα με Baking Soda 75ml,1.0
2025-02-02,1082334,DETTOL Soothe Κρεμοσάπουνο Λεβάντα &amp; White Musk Ανταλλακτικό 750ml,2.9
2025-02-02,1376966,SETTE Elements Δίσκοι Ντεμακιγιάζ Διπλής Όψης 60τεμ,1.35
2025-02-02,1394181,SETTE Elements Κρεμοσάπουνο Μέλι &amp; Γάλα Ανταλλακτικό 1lt,1.65
2025-02-02,7492408,SEPTONA Υγρομάντιλα Αντιβακτηριδιακά Πράσινο Μήλο 2x15τεμ +2 Δώρο,1.03
2025-02-02,1529162,SETTE Elements Μπατονέτες 100τεμ,0.54
2025-02-02,5201868,WET HANKIES Υγρομάντιλα Αντιβακτηριδιακά 72τεμ,1.88
2025-02-02,1585028,SETTE Elements Κρεμoσάπουνο Γιασεμί Ανταλλακτικό 750ml,1.35
2025-02-02,1080529,AIM Οδοντόβουρτσα Anti-Plaque μέτρια 2τεμ,1.09
2025-02-02,1623702,COLGATE Οδοντόκρεμα Triple Action 75ml,2.16
2025-02-02,1221517,ΤΟ ΠΡΩΤΟ Αλκοολούχος Λοσιόν 70% με Άρωμα Λεμόνι 425ml,1.4
2025-02-02,1183394,AIM White Now Οδοντόκρεμα 75ml,1.85
2025-02-02,1412647,COLGATE Οδοντόκρεμα Family Action 100ml,2.14
2025-02-02,1523830,WET HANKIES Extra Safe Υγρομάντιλα Αντιβακτηριδιακά 2x12τεμ +2 Δώρο,1.5
2025-02-02,6390108,WET HANKIES Υγρομάντιλα Αντιβακτηριδιακά 2x15τεμ +2 Δώρο,1.35
2025-02-02,1222482,PAPOUTSANIS Natura Κρεμοσάπουνο Vanilla Caramel Ανταλλακτικό 750ml,2.4
2025-02-02,1557508,DOVE Beauty Cream Bar Σαπούνι 90gr,1.04
2025-02-02,1221710,NOXZEMA Αφρόλουτρο Talc Pampering 750ml,3.08
2025-02-02,1178818,DOVE Αποσμητικό Σπρέι Talc Soft 150ml,2.74
2025-02-02,1550572,PAPOUTSANIS Karavaki Κρεμοσάπουνο Σαπούνι Μασσαλίας &amp; Χαμομήλι Ανταλλακτικό 900ml,2.48
2025-02-02,1224284,ΦΩΣ Φωτιστικό Οινόπνευμα 425ml,1.08
2025-02-02,1134107,POM PON Δίσκοι Ντεμακιγιάζ Στρογγυλοί 60τεμ +60 Δώρο,1.42
2025-02-02,1052870,SENSODYNE Οδοντόκρεμα Repair &amp; Protect Whitening 75ml,4.37
2025-02-02,2907582,DOVE Caring Κρεμοσάπουνο Ανταλλακτικό 500ml ,1.85
2025-02-02,2283448,NOXZEMA Αποσμητικό Roll On Classic 75ml,3.08
2025-02-02,6849608,NIVEA Men Black &amp; White Invisible Αποσμητικό Roll On Original 50ml,5.42
2025-02-02,9846478,AIM Family Protection Οδοντόκρεμα Herbal 75ml,1.2
2025-02-02,1520173,SEPTONA Baby Calm n&#39; Care Μπατονέτες Ασφαλείας Βιοδιασπώμενες 50τεμ,1.19
2025-02-02,1136321,LE PETIT MARSEILLAIS Αφρόλουτρο με Βιολογικό Γάλα Βανίλιας 650ml,2.48
2025-02-02,9844465,NEUTRO ROBERTS Delicate Αποσμητικό Roll On Powder Fresh 50ml,3.5
2025-02-02,1199327,SEPTONA Υγρομάντιλα Αντιβακτηριδιακά Πράσινο Μήλο 60τεμ,1.6
2025-02-02,5200969,FA Αφρόλουτρο Vanilla Yoghurt 750ml,3.25
2025-02-02,1221778,SETTE Elements Υδρόφιλο Βαμβάκι 200gr,1.4
2025-02-02,1082335,DETTOL Κρεμοσάπουνο Antibacterial Sensitive Ανταλλακτικό 750ml,2.9
2025-02-02,1520852,JOHNSON&#39;S Cotton Buds Μπατονέτες 100τεμ,1.08
2025-02-02,1215785,ALFA Απιονισμένο Νερό 4lt,1.15
2025-02-02,1199607,CAMPER GAZ Φιαλίδιο Υγραερίου 190gr,1.25
2025-02-02,1290486,DROLIO Συλλέκτης Υγρασίας Κρεμάστρα Λεβάντα 210gr,1.32
2025-02-02,1221655,DROLIO Συλλέκτης Υγρασίας Ανταλλακτικό 400gr,0.98
2025-02-02,1245621,MASTER ENERGY Αλκαλικές Μπαταρίες AA 4τεμ,1.88
2025-02-02,1224290,DROLIO Συλλέκτης Υγρασίας 230gr,1.25
2025-02-02,9945098,ΕΛ ΓΚΡΕΚΟ Φιαλίδιο Υγραερίου Cv 470 Plus Μπεζ,6.95
2025-02-02,1245619,MASTER ENERGY Αλκαλικές Μπαταρίες AAA 4τεμ,1.88
2025-02-02,1451317,ENERGIZER Μπαταρίες Max E91 AA 4τεμ +2 Δώρο,4.52
2025-02-02,1228695,ΕΞΩΚΚΛΗΣΙ Καρβουνάκι Κασετίνα Μεγάλη 2Χ6τεμ,0.95
2025-02-02,1451320,ENERGIZER Μπαταρίες Max E92 AAA 4τεμ +2 Δώρο,4.52
2025-02-02,1473811,ΕΛ ΓΚΡΕΚΟ Φιαλίδιο Υγραερίου Cv 470 Plus Λευκό,6.95
2025-02-02,1290484,DROLIO Συλλέκτης Υγρασίας Κρεμάστρα 210gr,1.32
2025-02-02,1222531,DRAGON Προσάναμμα Παραφίνης 32τεμ,1.5
2025-02-02,1273444,KITTEN Αποχνουδωτής Ρολό 75 φύλλων Aνταλλακτικό 2τεμ,1.32
2025-02-02,1253068,KITTEN Μανταλάκια Χρωματιστά 18τεμ,1.25
2025-02-02,1497973,POLY-BAG Σακούλες για Παλτά &amp; Φορεμάτα 4τεμ,0.76
2025-02-02,8719403,CAJOLINE Intense Φακελάκια Φρεσκάδας Blue Fresh 3τεμ,3.7
2025-02-02,1220647,LION Κεριά Ρεσώ Premium Λευκά 50τεμ,2.56
2025-02-02,1382751,Αεροστεγής Θήκη Φύλαξης Ρούχων 70x110cm,1.44
2025-02-02,1498278,POLY-BAG Σακούλες για Κουστούμια 5τεμ,0.76
2025-02-02,6079578,ΕΛ ΓΚΡΕΚΟ Φιαλίδιο Υγραερίου Cv 470 Plus Μαύρο,6.95
2025-02-02,1382750,Αεροστεγής Θήκη Φύλαξης Ρούχων 65x85cm,1.28
2025-02-02,1267725,KITTEN Μανταλάκια Style Χρωματιστά 18τεμ,1.9
2025-02-02,1199600,CAMPER GAZ Φιαλίδιο Υγραερίου με βαλβίδα 500gr,4.65
2025-02-02,1273238,KITTEN Αποχνουδωτής Ρολό 75 φύλλων,0.98
2025-02-02,1409182,Πέλλετ Ξύλου Plus A1 15kg,6.8
2025-02-02,1241653,LION Κεριά Ρεσώ Λευκά 50τεμ,5.2
2025-02-02,9285552,SOUPLINE Αρωματικά Φακελάκια για Ντουλάπες Φρεσκάδα Εξοχής 3τεμ,2.98
2025-02-02,1243875,DRAGON Προσάναμμα Πεπιεσμένου Ξύλου 32τεμ,1.1
2025-02-02,1630393,SOUPLINE Mistral Αρωματικό Σπρέι Υφασμάτων Vegan 300ml,4.48
2025-02-02,1221646,DROLIO Συλλέκτης Υγρασίας με 2 Ανταλλακτικά 800gr,2.4
2025-02-02,1125883,AIRWICK Essential Oils Freshmatic Αρωματικό Χώρου Αυτόματο Σπρέι Βανίλια &amp; Ορχιδέα Ανταλλακτικό 2x250ml το Δεύτερο Μισή Τιμή,9.63
2025-02-02,3257631,BIC Megalighter Design Αναπτήρας ,3.2
2025-02-02,1267726,KITTEN Μανταλάκια Ξύλινα 24τεμ,0.95
2025-02-02,9904111,GLADE Αρωματικό Χώρου Σπρέι Μανόλια Βανίλια 300ml,4.74
2025-02-02,1222746,BIC Αναπτήρες Maxi 3τεμ + 1 Δώρο,3.0
2025-02-02,1222269,VAPONA Σκοροκτόνα Χαρτάκια 15τεμ +5 Δώρο,2.5
2025-02-02,1222615,TESA Pack Basic Ταινία Συσκευασίας Διάφανη 66mx50mm,2.0
2025-02-02,1144177,CAMPINGAZ Φιαλίδιο Υγραερίου C206 Gls 190gr,1.98
2025-02-02,1524134,EUROGOLD Απλώστρα Μεταλλική 18m,11.2
2025-02-02,1179806,AROXOL Full Season Σκοροκτόνο Τζελ με Άρωμα Λεβάντα 6τεμ + 6τεμ Δώρο,7.98
2025-02-02,1540822,CRICKET Σπίρτα 10τεμ,0.44
2025-02-02,4317541,MERITO Βοηθητικό Σιδερώματος Σπρέι 500ml,3.53
2025-02-02,1380722,BISON Κόλλα Στιγμής Super Glue 3gr +1 Δώρο,2.16
2025-02-02,1247551,LIBERTY Φίλτρο Απορροφητήρα 45x75cm,1.36
2025-02-02,1052673,VILEDA Rapid Σιδερόπανο,7.9
2025-02-02,8766362,AIRWICK Essential Oils Αρωματικό Χώρου Ηλεκτρικής Συσκευής Βανίλια &amp; Άνθη Λευκού Τσαγιού Ανταλλακτικό 19ml,5.08
2025-02-02,1633636,FROGO Σκευη Αλουμινίου Γίγας 2τεμ,2.45
2025-02-02,1633634,FROGO Σκευη Αλουμινίου Μεγάλα Πολύ Βαθιά 2τεμ,2.95
2025-02-02,1639678,FROGO Σακούλες Τροφίμων Μεγάλες 7lt 50τεμ,0.78
2025-02-02,1639712,FROGO Σακούλες Τροφίμων Μεσαίες 4lt 50τεμ,0.68
2025-02-02,1221483,DROLIO Σακούλες Απορριμμάτων 46x56cm 25lt 30τεμ,0.65
2025-02-02,1221486,KITTEN Σακούλες Απορριμμάτων  Μεγάλες με Κορδόνι 52x75cm 45lt 10τεμ,0.9
2025-02-02,1136425,SANITAS Σακούλες Απορριμμάτων Μεγάλες με Χερούλια Easy Pack 58x72cm 60lt 20τεμ,2.23
2025-02-02,1490713,POLY-BAG Σακούλες Τροφίμων Μεσαίες 25τεμ,0.5
2025-02-02,1221478,DROLIO Σακούλες Απορριμμάτων Μεγάλες με Κορδόνι 52x75cm 45lt 10τεμ,1.43
2025-02-02,1567740,FROGO Αντικολλητικό Χαρτί Ψησίματος 30 φύλλα,1.4
2025-02-02,1221492,DROLIO Σακούλες Απορριμμάτων Γίγας με Κορδόνι 70x95cm 100lt 10τεμ,2.17
2025-02-02,1223209,DROLIO Σακούλες Απορριμμάτων 53x80cm 50lt 20τεμ,1.1
2025-02-02,1429957,SANITAS Σακούλες Απορριμμάτων Αρωματικές Μικρές με Χερούλια Easy Pack 46x50cm 25lt 30τεμ,1.07
2025-02-02,1429986,ELEF Σακούλες Απορριμμάτων Κουζίνας με Χερούλια 50x55cm 30lt 20τεμ ,1.28
2025-02-02,1221698,FROGO Αλουμινόχαρτο 10m,1.35
2025-02-02,1221705,FROGO Διαφανής Μεμβράνη 20m,0.7
2025-02-02,1490374,POLY-BAG Σακούλες Τροφίμων Γίγας 25τεμ,0.6
2025-02-02,1490457,POLY-BAG Σακούλες Τροφίμων Μικρές 50τεμ,0.5
2025-02-02,1222849,FROGO Σακούλες Τροφίμων με Zip Lock Μεσαίες 3lt 15τεμ,1.7
2025-02-02,1219354,ELEF Σακούλες Απορριμμάτων Αρωματικές  Μεγάλες με Κορδόνι 52x75cm 45lt 10Τεμ +ELEF Μίνι 10τεμ Δώρο,1.76
2025-02-02,1058647,SANITAS Σακούλες Απορριμμάτων Αρωματικές Μικρές 46x56cm 25lt 30τεμ,0.93
2025-02-02,1224630,ELEF Σακούλες Απορριμμάτων Γίγας 75x115cm 140lt 10τεμ +ELEF Μίνι 10τεμ Δώρο,1.97
2025-02-02,1221702,FROGO Αλουμινόχαρτο 30m,3.2
2025-02-02,1611869,Καλαμάκια Πλάστικα Επαναχρησιμοποιούμενα  Ίσια για Freddo 40τεμ,0.42
2025-02-02,1222270,FROGO Σακούλες Τροφίμων με Ζιπ Μικρές 1lt 20τεμ,1.65
2025-02-02,1543044,SANITAS Flex &amp; Strong Σακούλες Απορριμμάτων Μεγάλες με Κορδόνι 52x75cm 45lt 10τεμ,1.43
2025-02-02,1226298,ELEF Σακούλες Απορριμμάτων Μεγάλες με Χερούλια 58x78cm 60lt 15τεμ,1.97
2025-02-02,1521510,TESSERA Κουτάλια Ξύλινα 16cm 8τεμ,0.54
2025-02-02,1585569,DROLIO Σακούλες Απορριμμάτων Μεγάλες με Χερούλια 60x72cm 60lt 20τεμ,1.5
2025-02-02,6740922,ELEF Σακούλες Απορριμμάτων Αρωματικές Μικρές  46x56cm 25lt 30τεμ,1.07
2025-02-02,1229071,OKI DOKI Ποτήρια Πλαστικά Διάφανα 240ml 50τεμ,1.07
2025-02-02,1521508,TESSERA Πιρούνια Ξύλινα 16cm 8τεμ,0.54
2025-02-02,4186904,SANITAS Αλουμινόχαρτο 30m,4.76
2025-02-02,1025970,SANITAS Αντικολλητικό Χαρτί Ψησίματος 18 φύλλα,2.13
2025-02-02,1621097,DROLIO Σακούλες Απορριμμάτων με Χερούλια Πορτοκαλί 50x55cm 30lt 30τεμ,1.3
2025-02-02,1600704,TESSERA Πιάτα Ζαχαροκάλαμου Λευκά 18cm 10τεμ,0.77
2025-02-02,1575264,FROGO Σκεύη Αλουμινίου με Καπάκι Μικρά 4τεμ,1.18
2025-02-02,4855516,SANITAS Μεμβράνη 30m,1.82
2025-02-02,1611858,Καλαμάκια Πλαστικά Επαναχρησιμοποιούμενα  Ίσια Πολύχρωμα 30τεμ,0.48
2025-02-02,8480642,ΜΟΡΝΟΣ Ποτήρια Πλαστικά Νερού Διάφανα 270ml 50τεμ,1.44
2025-02-02,1544133,SANITAS Flex &amp; Strong Σακούλες Απορριμμάτων Μεσαίες με Κορδόνι Silky Powder 50x55cm 30lt 10τεμ,1.25
2025-02-02,1221699,OKI DOKI Crystal Ποτήρια Διάφανα 430ml 36τεμ,2.1
2025-02-02,1224644,FROGO Σακούλες Τροφίμων με Zip Lock Μεγάλες 5lt 10τεμ,1.75
2025-02-02,1273248,FROGO Αντικολλητικό Χαρτί Ψησίματος 10m,1.48
2025-02-02,1549745,SANITAS Flex &amp; Strong Σακούλες Απορριμμάτων Αρωματικές Μεγάλες με Κορδόνι 52x75cm 45lt 10τεμ,1.43
2025-02-02,1442232,FROGO Αντικολλητικό Χαρτί Ψησίματος 18 φύλλα,1.05
2025-02-02,1575268,FROGO&#160;Σκεύη Αλουμινίου με Καπάκι Μεσαία 3τεμ,1.8
2025-02-02,1543043,SANITAS Flex &amp; Strong Σακούλες Απορριμμάτων Γίγας με Κορδόνι 70x95cm 100lt 8τεμ,2.7
2025-02-02,1453995,TEFACO Ποτήρια Χάρτινα με Καπάκι 250ml 10τεμ,1.2
2025-02-02,1501980,FINO Οδοντογλυφίδες Κοντές 400τεμ,0.92
2025-02-02,1600703,TESSERA Πιάτα Ζαχαροκάλαμου Λευκά 23cm 10τεμ,1.46
2025-02-02,1575267,FROGO Σκεύη Αλουμινίου Μεγάλα Βαθιά 3τεμ,1.75
2025-02-02,1615407,Καλαμάκια Επαναχρησιμοποιούμενα Πλαστικά Ίσια Μαύρα 30τεμ,0.48
2025-02-02,4232302,SANITAS Αντικολλητικό Χαρτί 15m,4.98
2025-02-02,1454002,TEFACO Ποτήρια Χάρτινα με Καπάκι 413ml 10τεμ,1.56
2025-02-02,1199083,ELEF Σακούλες Απορριμμάτων Αρωματικές Μεγάλες με Χερούλια 58x72cm 55lt 20τεμ,2.37
2025-02-02,6130843,SANITAS Σακούλες Τροφίμων Χάρτινες Μεγάλες 30τεμ,2.0
2025-02-02,4628996,POLY-BAG Παγοκυψέλες 10τεμ,0.6
2025-02-02,1226809,TEFACO Ποτήρια Χάρτινα 120ml 25τεμ,1.1
2025-02-02,1624644,FINO Σακούλες Τροφίμων σε Ρολό Μεσαίες 4lt 50τεμ +10 Δώρο,1.0
2025-02-02,1544951,FROGO Σακούλες Τροφίμων με κλιπ 2lt 120τεμ,0.9
2025-02-02,1575263,FROGO Σκεύη Αλουμινίου Μεσαία 3τεμ,1.75
2025-02-02,1223359,ELEF Σακούλες Απορριμμάτων Βαρέων Βαρών 90x120cm 170lt 10τεμ,4.98
2025-02-02,1229217,POLY-BAG Σακούλες Τροφίμων Super Γίγας 25τεμ,0.82
2025-02-02,1559516,KOKLIKO Πιάτα Χάρτινα 0% Πλαστικό Ανακυκλώσιμο Λευκά 23cm 10τεμ,1.42
2025-02-02,1575266,FROGO&#160;Σκεύη Αλουμινίου για Κέικ 6τεμ,1.5
2025-02-02,1482602,MATRIX BIO Καλαμάκια Χάρτινα Σπαστά  σε Διάφορα Χρώματα 25τεμ,0.78
2025-02-02,1624645,FINO Σακούλες Τροφίμων σε Ρολό Μεγάλες 7lt 50τεμ +10 Δώρο,1.18
2025-02-02,6622500,SANITAS Παγοκυψέλες με Αυτόματο Κλείσιμο 2 σε 1 10τεμ,1.8
2025-02-02,1226803,COOK Αλουμινόχαρτο 50m,4.8
2025-02-02,1586988,IZZY Αντικολλητικό Χαρτί για Φριτέζα Αέρος 50τεμ,5.95
2025-02-02,9260175,ALASKA Σακούλες Απορριμμάτων Κήπου 5τεμ,3.1
2025-02-02,1498792,Σοκολατόπιτα BAKER MASTER 750gr,7.0
2025-02-02,1498782,Πορτοκαλόπιτα BAKER MASTER 1000gr,5.45
2025-02-02,1498787,Ραβανί BAKER MASTER 1100gr,6.95
2025-02-02,1498798,Καρυδόπιτα BAKER MASTER 1100gr,8.5
2025-02-02,1427102,Αρακάς Μέτριος ΜΑΡΑΤΑ 1kg,1.95
2025-02-02,1612168,Κουλούρι Θεσσαλονίκης ΑΛΙΜΠΙΝΙΣΗΣ 2τεμ 200gr,0.98
2025-02-02,4070611,Αρακάς ΜΠΑΡΜΠΑ ΣΤΑΘΗΣ 1kg,3.06
2025-02-02,1427131,Σπανάκι Φύλλα ΜΑΡΑΤΑ σε μερίδες 1kg,1.9
2025-02-02,9669086,Αρακάς Λαδερός ΜΠΑΡΜΠΑ ΣΤΑΘΗΣ Ας Μαγειρέψουμε 1kg,4.05
2025-02-02,2789097,Αρακάς ΜΠΑΡΜΠΑ ΣΤΑΘΗΣ Βιολογικός 450gr,2.98
2025-02-02,1223584,Κρεμμυδάκι ARDO σε κύβους 350gr,1.0
2025-02-02,1225718,Ψαροκροκέτες ΜΟΥΡΑΓΙΟ 15τεμ 450gr,2.15
2025-02-02,7280621,Σπανακόρυζο ΜΠΑΡΜΠΑ ΣΤΑΘΗΣ Ας Μαγειρέψουμε 1kg,4.24
2025-02-02,1427148,Φασολάκια Στρογγυλά ΜΑΡΑΤΑ 1kg,1.94
2025-02-02,1221390,Ψαροκροκέτες ΠΥΡΟΦΑΝΙ από Φιλέτο Μπακαλιάρου 15τεμ 450gr,2.65
2025-02-02,1446505,Τυροπιτάκια ΜΑΡΑΤΑ με Σφολιάτα 1kg,2.6
2025-02-02,1446503,Λουκανικοπιτάκια ΜΑΡΑΤΑ με Σφολιάτα 1kg,2.96
2025-02-02,1221441,Αρακάς ΑΙΝΟΣ 1kg,2.55
2025-02-02,1129371,Φασολάκια Πλατιά ΑΙΝΟΣ 1kg,2.34
2025-02-02,2789113,Σπανάκι σε Φύλλα ΜΠΑΡΜΠΑ ΣΤΑΘΗΣ Βιολογικό 450gr,2.5
2025-02-02,4876561,Σπανάκι Φύλλα ΜΠΑΡΜΠΑ ΣΤΑΘΗΣ 1kg,4.94
2025-02-02,1598565,Ψαροκροκέτες CAPTAIN IGLO 15τεμ 420gr,6.65
2025-02-02,1220719,Κρεμμύδι Ψιλοκομμένο ΜΠΑΡΜΠΑ ΣΤΑΘΗΣ 250gr +50gr Δώρο,2.16
2025-02-02,6332894,Φασολάκια Πλατιά ΜΠΑΡΜΠΑ ΣΤΑΘΗΣ 1kg,4.26
2025-02-02,1129376,Πατάτες ΑΙΝΟΣ Κλασικές 1kg,2.78
2025-02-02,1598618,Μπαγκέτα Γαλλική MANTINGA με γέμιση Βούτυρο και Σκόρδο 175gr,1.24
2025-02-02,1427091,Ανάμικτα Λαχανικά ΜΑΡΑΤΑ 1kg,1.9
2025-02-02,9669094,Φασολάκια Στρογγυλά Λαδερά ΜΠΑΡΜΠΑ ΣΤΑΘΗΣ Ας Μαγειρέψουμε 1kg,3.88
2025-02-02,1082342,Κεφτεδάκια CRETA FARMS Εν Ελλάδι Νοστιμιές 420gr,3.86
2025-02-02,1185058,Κρουασάν Βουτύρου ΧΡΥΣΗ ΖΥΜΗ 300gr,1.67
2025-02-02,1223871,Σολομός Φιλέτο σε Μερίδες 4x125gr,12.2
2025-02-02,1129373,Μπρόκολο ΑΙΝΟΣ 750gr,2.16
2025-02-02,1568775,Αρακάς ΜΠΑΡΜΠΑ ΣΤΑΘΗΣ 420gr,3.28
2025-02-02,1223679,Σπανακόρυζο ΑΙΝΟΣ 1kg,3.92
2025-02-02,1082374,Κοτομπουκιές CRETA FARMS Εν Ελλάδι Νοστιμιές 400gr,5.2
2025-02-02,2789105,Φασολάκια Στρογγυλά ΜΠΑΡΜΠΑ ΣΤΑΘΗΣ Βιολογικά 450gr,2.98
2025-02-02,1234491,Παγάκια CRYSTAL ICE 2-5kg,1.62
2025-02-02,1583832,Μπακαλιάρος Φιλέτο ΠΥΡΟΦΑΝΙ Πανέ 240gr,2.48
2025-02-02,1223334,Μανιτάρια ARDO σε φέτες 350gr,1.18
2025-02-02,1446501,Τυροπιτάκια ΜΑΡΑΤΑ Κουρού 1kg,3.36
2025-02-02,1117471,Κοτομπουκιές Πανέ IFANTIS Απλά Γευστικό 500gr,6.15
2025-02-02,5183330,Φασολάκια Πλατιά ΜΠΑΡΜΠΑ ΣΤΑΘΗΣ Βιολογικά 450gr,2.98
2025-02-02,1272794,Κοτομπουκιές Πανέ MEAT HOUSE Προψημένες 330gr,3.15
2025-02-02,1225173,Σπανακοτυρόπιτα ALFA Κασσιάτα τύπου Ζαγορίου με Πράσο &amp; Σέσκουλο 650gr,3.32
2025-02-02,1405630,Μπουγάτσα με Κρέμα ΜΑΡΑΤΑ 450gr,1.9
2025-02-02,1113762,Top Burger IFANTIS 70gr,0.68
2025-02-02,1222764,Τυροπιτάκια BAKER MASTER με Ζύμη Κουρού 450gr,2.58
2025-02-02,1627011,Φασολάκια Πλατιά ΜΑΡΑΤΑ 1kg,2.1
2025-02-02,1543912,Λουκανικοπιτάκια ALFA Εκλεκτά με Καπνιστό Λουκάνικο &amp; Κέτσαπ 450gr,2.23
2025-02-02,1195776,Κρουασάν Βουτύρου ΧΡΥΣΗ ΖΥΜΗ με Πραλίνα Φουντουκιού 480gr,2.55
2025-02-02,4641973,Γαρίδες Αποφλοιωμένες 80/120 Εισαγωγής 425gr,4.0
2025-02-02,1012969,Κιχάκια ALFA Παραδοσιακά με Φέτα ΠΟΠ &amp; Μυζήθρα 800gr,3.8
2025-02-02,1427119,Καλαμπόκι Γλυκό ΜΑΡΑΤΑ σε κόκκους 1kg,2.45
2025-02-02,1620561,Φρούτα του Δάσους ARDO Mix 450gr,2.4
2025-02-02,5696364,Μπριάμ ΜΠΑΡΜΠΑ ΣΤΑΘΗΣ Ας Μαγειρέψουμε 1kg,5.1
2025-02-02,4070447,Φασολάκια Στρογγυλά ΜΠΑΡΜΠΑ ΣΤΑΘΗΣ 1kg,4.08
2025-02-02,1569982,Φασολάδα ΜΠΑΡΜΠΑ ΣΤΑΘΗΣ Ας Μαγειρέψουμε 900gr,4.71
2025-02-02,1224505,Κεφτεδάκια IFANTIS Απλά Γευστικό 500gr,3.95
2025-02-02,1546866,Μαϊντανός ΜΠΑΡΜΠΑ ΣΤΑΘΗΣ 50gr,1.82
2025-02-02,1413887,Πίτσα ALFA Μαργαρίτα 730gr,5.75
2025-02-02,1569992,Ρεβίθια ΜΠΑΡΜΠΑ ΣΤΑΘΗΣ Ας Μαγειρέψουμε 900gr,4.73
2025-02-02,1141172,Τυρόπιτα Κοζανίτικη ALFA Κιχί με Φέτα ΠΟΠ &amp; Μυζήθρα 800gr,4.14
2025-02-02,1178158,Πατάτες FARM FRITES Classic 1kg,2.58
2025-02-02,1221926,Γλώσσα Φιλέτο χωρίς δέρμα Εισαγωγής 850gr,7.55
2025-02-02,1224106,Ρεβίθια ΜΠΑΡΜΠΑ ΣΤΑΘΗΣ 600gr,2.44
2025-02-02,1151212,Μπουγάτσα Θεσσαλονίκης ΧΡΥΣΗ ΖΥΜΗ με Κρέμα &amp; Άρωμα Βανίλιας Vegan 450gr,1.85
2025-02-02,1587974,Σπανάκι Φύλλα ΑΙΝΟΣ 1kg,2.78
2025-02-02,1507880,Χωριάτικη Κοτόπιτα ALFA Τσαλακωτή με Γραβιέρα Κρήτης 900gr,5.7
2025-02-02,5696380,Αρακάς με Αγκινάρες ΜΠΑΡΜΠΑ ΣΤΑΘΗΣ Ας Μαγειρέψουμε 1kg,4.8
2025-02-02,1013065,Σπανακοτυρόπιτα ALFA τύπου Μετσόβου με Φέτα ΠΟΠ 850gr,3.86
2025-02-02,1632290,Mini Strudel ΧΡΥΣΗ ΖΥΜΗ με Κρέμα Ζαχαροπλαστικής Κανέλα &amp; Μήλο 500gr,2.35
2025-02-02,1475785,Φασολάκια Πλατιά Γιαχνί ΜΠΑΡΜΠΑ ΣΤΑΘΗΣ Ας Μαγειρέψουμε 1kg,6.62
2025-02-02,1603460,Ψαροκροκέτες CAPTAIN IGLO 10τεμ 280gr,4.98
2025-02-02,1151225,Μπουγάτσα Θεσσαλονίκης ΧΡΥΣΗ ΖΥΜΗ με Μυζήθρα &amp; Φέτα ΠΟΠ 450gr,1.85
2025-02-02,4070413,Πατάτες ΜΠΑΡΜΠΑ ΣΤΑΘΗΣ Κλασικές 1kg,4.6
2025-02-02,1568418,Σπιτικά Τρίγωνα ΧΡΥΣΗ ΖΥΜΗ με Φέτα ΠΟΠ &amp; Κατίκι Δομοκού 700gr,3.64
2025-02-02,1569971,Φακές με λαχανικά ΜΠΑΡΜΠΑ ΣΤΑΘΗΣ Επιλέγουμε Vegan 400gr,3.92
2025-02-02,1013016,Τυρόπιτα ALFA τύπου Μετσόβου με Φέτα ΠΟΠ &amp; Μυζήθρα 850gr,3.86
2025-02-02,1437976,Φύλλο Κρούστας ΜΑΡΑΤΑ 450gr,1.85
2025-02-02,1554896,Άνηθος ΜΠΑΡΜΠΑ ΣΤΑΘΗΣ 60gr,2.1
2025-02-02,1604112,Φασόλια Γίγαντες ΜΠΑΡΜΠΑ ΣΤΑΘΗΣ Ας Μαγειρέψουμε 750gr,7.48
2025-02-02,7257439,Πίτσα IFANTIS Rock &#39;n Roll 3x460gr,9.9
2025-02-02,4638888,Φασολάκια Στρογγυλά ΑΙΝΟΣ Ελληνικά 1kg,2.65
2025-02-02,1568777,Φασολάκια Πλατιά ΜΠΑΡΜΠΑ ΣΤΑΘΗΣ 420gr,3.38
2025-02-02,1224293,Μπρόκολο Mix ARDO 1kg,2.76
2025-02-02,1221403,Μπακαλιάρος Pollock Φιλέτο χωρίς δέρμα 850gr,5.15
2025-02-02,1418036,Γύρος Κοτόπουλο CRETA FARMS Εν Ελλάδι Προψημένος Χωρίς γλουτένη 330gr,5.95
2025-02-02,1418032,Γύρος Χοιρινός CRETA FARMS Εν Ελλάδι Προψημένος Χωρίς γλουτένη 330gr,5.9
2025-02-02,1632291,Mini Strudel ΧΡΥΣΗ ΖΥΜΗ με Κρέμα Ζαχαροπλαστικής &amp; Φράουλα 500gr,1.85
2025-02-02,1221907,Κοκκινόψαρο Ακέφαλο 300gr - 500gr Εισαγωγής,2.81
2025-02-02,1467285,Πατάτες MCCAIN Chef Gourmet Vegan 500gr,3.72
2025-02-02,1222762,Ζαμπονοτυροπιτάκια BAKER MASTER με Ζύμη Σφολιάτας 450gr,2.94
2025-02-02,1225991,Κουρουδάκια Πολύσπορα BAKER MASTER με Τυρί Κρέμα &amp; Ζύμη Κουρού Ολικής Άλεσης 450gr,3.54
2025-02-02,1221917,Πέρκα Φιλέτο Εισαγωγής,9.8
2025-02-02,1272793,Σνίτσελ Κοτόπουλου Πανέ MEAT HOUSE Προψημένο 330gr,3.15
2025-02-02,1601591,Φιλέτο Μπακαλιάρου PESCANOVA με Τραγανό Πανάρισμα 2τεμ 250gr,3.98
2025-02-02,1029457,Χόρτα Ραδίκια ΜΠΑΡΜΠΑ ΣΤΑΘΗΣ 600gr,3.0
2025-02-02,1528288,Φασόλια Χάντρες ΜΠΑΡΜΠΑ ΣΤΑΘΗΣ 600gr,3.3
2025-02-02,1225164,Τυρόπιτα ALFA Κασσιάτα τύπου Ζαγορίου με Μυζήθρα Φέτα ΠΟΠ Γιαούρτι &amp; Γραβιέρα 650gr,3.35
2025-02-02,5696323,Αγκινάρες Αλά Πολίτα ΜΠΑΡΜΠΑ ΣΤΑΘΗΣ Ας Μαγειρέψουμε 1kg,5.34
2025-02-02,1501258,Γαρίδες Αποφλοιωμένες PESCANOVA Μεγάλες Ινδο Ειρηνικού 350gr,6.48
2025-02-02,1632343,Πίτσα ΜΑΡΑΤΑ Σπέσιαλ 2x460gr,5.2
2025-02-02,1615272,Βατόμουρα ARDO 300gr,3.25
2025-02-02,1267782,Τηγανόψωμο ΑΛΙΜΠΙΝΙΣΗΣ Ευβοίας 2x225gr,3.35
2025-02-02,1141169,Μπουγάτσα Θεσσαλονίκης ALFA με Κρέμα Άρωμα Βανίλιας Vegan 800gr,3.0
2025-02-02,1594901,Μπάμιες ΑΙΝΟΣ μεσαίες 1000gr,5.28
2025-02-02,1604946,Πίτσα CASTELLO με Προζύμι Special 1250gr,6.7
2025-02-02,1589730,Πίτσα ΧΡΥΣΗ ΖΥΜΗ Μαργαρίτα 2x385gr,4.7
2025-02-02,1618269,Γλυκοπατάτες ΜΠΑΡΜΠΑ ΣΤΑΘΗΣ Δίχρωμες Νάξου 500gr,5.68
2025-02-02,1632340,Πίτσα ΜΑΡΑΤΑ Μαργαρίτα 2x380gr,4.4
2025-02-02,1268563,Μπρόκολο Ισπανίας 1kg,2.9
2025-02-02,1569967,Ρεβίθια με λαχανικά ΜΠΑΡΜΠΑ ΣΤΑΘΗΣ Επιλέγουμε Vegan 400gr,3.92
2025-02-02,1154761,Φύλλο Ζύμης για Πίτσα ALFA από Σπίτι 2x300gr,2.96
2025-02-02,1514730,Λαχανόρυζο ΜΠΑΡΜΠΑ ΣΤΑΘΗΣ Ας Μαγειρέψουμε 1kg,4.62
2025-02-02,6249932,Σαλάτα Καλαμποκιού ΜΠΑΡΜΠΑ ΣΤΑΘΗΣ 450gr,3.3
2025-02-02,1568776,Φασολάκια Στρογγυλά ΜΠΑΡΜΠΑ ΣΤΑΘΗΣ 420gr,3.04
2025-02-02,1573510,Σουσαμίνια ΧΡΥΣΗ ΖΥΜΗ με Κασέρι ΠΟΠ &amp; Γραβιέρα 700gr,3.53
2025-02-02,1578212,Γαρίδες Αποφλοιωμένες KALLIMANIS Γίγας 350gr,9.15
2025-02-02,1624689,Πατάτες MYDIBEL Tradition 1kg,2.22
2025-02-02,1221435,Μύδια Ψίχα Εισαγωγής 450gr,3.55
2025-02-02,1417210,Τυροπιτάκια ΚΑΝΑΚΙ Κουρού με Μυζήθρα Φέτα &amp; Μανούρι 800gr,3.0
2025-02-02,1068504,Πατάτες MCCAIN Airfryer Chips Vegan 600gr,3.82
2025-02-02,1464913,Καλαμπόκι ΜΠΑΡΜΠΑ ΣΤΑΘΗΣ 600gr,2.65
2025-02-02,6020077,Μανιτάρια ΜΠΑΡΜΠΑ ΣΤΑΘΗΣ σε φέτες 450gr,2.95
2025-02-02,1569885,Κινόα με λαχανικά ΜΠΑΡΜΠΑ ΣΤΑΘΗΣ Επιλέγουμε Vegan 400gr,4.4
2025-02-02,2906246,Φύλλο Παραδοσιακό ΧΑΒΕΛΑΣ Ζαγορίσιο 750gr,3.55
2025-02-02,1574659,Μπακαλιάρος Ακέφαλος 300gr - 500gr,4.85
2025-02-02,1568298,Τυροπιτάκια Κουρού ΧΡΥΣΗ ΖΥΜΗ με Μυζήθρα &amp; Φέτα ΠΟΠ 800gr,3.0
2025-02-02,1141180,Φύλλο Χωριάτικο ALFA Κιχί Κοζάνης 750gr,3.55
2025-02-02,1446506,Λουκανικοπιτάκια ΜΑΡΑΤΑ Κουρού 1kg,4.25
2025-02-02,1516212,Πατάτες ΑΙΝΟΣ Κυδωνάτες με Φλούδα &amp; Μυρωδικά 1kg,3.95
2025-02-02,1221930,Μπακαλιάρος Ρολό Φιλέτο,8.74
2025-02-02,1446502,Σπανακοτυροπιτάκια ΜΑΡΑΤΑ με Σφολιάτα 750gr,2.7
2025-02-02,1223891,Φασολάκια Χάντρες ΑΙΝΟΣ 1kg,3.65
2025-02-02,1543914,Ρολάκια Λαχανικών ALFA Εκλεκτά με γεύση Τυριού Vegan 450gr,1.93
2025-02-02,4132726,Πατάτες ΜΠΑΡΜΠΑ ΣΤΑΘΗΣ Baby 1kg,4.62
2025-02-02,1427066,Αγκινάρες ΜΑΡΑΤΑ 1kg,4.28
2025-02-02,1221386,Πίτσα BAKER MASTER Μαργαρίτα 415gr,3.6
2025-02-02,1223580,Καρότα ARDO σε φέτες 1kg,1.72
2025-02-02,4876587,Μπρόκολο ΜΠΑΡΜΠΑ ΣΤΑΘΗΣ 750gr,3.28
2025-02-02,2789139,Καλαμπόκι ΜΠΑΡΜΠΑ ΣΤΑΘΗΣ Βιολογικό 450gr,3.74
2025-02-02,6249783,Σαλάτα Εποχής ΜΠΑΡΜΠΑ ΣΤΑΘΗΣ 750gr,3.5
2025-02-02,8176273,Πατάτες ΜΠΑΡΜΠΑ ΣΤΑΘΗΣ Χωριάτικες Νάξου 1kg,4.95
2025-02-02,1566739,Μπουγάτσα Θεσσαλονίκης ΧΡΥΣΗ ΖΥΜΗ με Κρέμα &amp; Άρωμα Βανίλιας Vegan 800gr,2.93
2025-02-02,1640402,LAY&#39;S Πατατάκια με γεύση Σκόρδο &amp; Μυρωδικά 95gr,1.48
2025-02-02,1640401,LAY&#39;S Πατατάκια με γεύση Τσορίθο &amp; Κρεμμύδι 95gr,1.48
2025-02-02,1223283,ΣΚΛΑΒΕΝΙΤΗΣ Κάσιους Ψημένα μη Αλατισμένα Εισαγωγής 200gr,3.95
2025-02-02,1223190,ΣΚΛΑΒΕΝΙΤΗΣ Καρύδια Ψίχα Εισαγωγής 200gr,2.8
2025-02-02,1251152,ΣΚΛΑΒΕΝΙΤΗΣ Καλαμπόκι Ωμό για Ποπ Κορν Ελληνικό 250gr,0.68
2025-02-02,1223299,ΣΚΛΑΒΕΝΙΤΗΣ Φουντούκια Ψίχα Ψημένα Εισαγωγής 200gr,3.45
2025-02-02,1524364,TASTY Σνακ Φουντούνια 95gr,0.9
2025-02-02,1259143,LAY&#39;S Πατατάκια με Αλάτι 150gr,1.55
2025-02-02,1223253,ΣΚΛΑΒΕΝΙΤΗΣ Ηλιόσπορος Ψημένος Αλατισμένος Εισαγωγής 150gr,0.68
2025-02-02,1223294,ΣΚΛΑΒΕΝΙΤΗΣ Φιστίκια Πίνατς Εισαγωγής 200gr,1.15
2025-02-02,1592924,EXTRA Τυρογαριδάκια 85gr,0.96
2025-02-02,1538039,LAY&#39;S Στο Φούρνο Πατατάκια με Αλάτι 105gr,1.85
2025-02-02,1223263,ΣΚΛΑΒΕΝΙΤΗΣ Αμύγδαλα Ψίχα Ψημένα μη Αλατισμένα Ελληνικά 200gr,4.3
2025-02-02,1456440,CHEETOS Σνακ Πακοτίνια Τυρί 125gr,1.18
2025-02-02,1223252,ΣΚΛΑΒΕΝΙΤΗΣ Ηλιόσπορος Ψημένος μη Αλατισμένος Εισαγωγής 150gr,0.68
2025-02-02,1588602,LAY&#39;S Στο Φούρνο Πατατάκια Barbeque 105gr,1.85
2025-02-02,1565863,ΜΑΡΑΤΑ Δαμάσκηνα Αποξηραμένα Χωρίς Κουκούτσι 250gr,3.15
2025-02-02,1224628,ΣΚΛΑΒΕΝΙΤΗΣ Σταφίδες Ξανθές Ελληνικές 200gr,1.75
2025-02-02,1600073,BONORA Κυματιστά Πατατάκια με Αλάτι 200gr,1.6
2025-02-02,1223315,ΣΚΛΑΒΕΝΙΤΗΣ Φιστίκια Κροκερίνο Ελληνικά 200gr,1.32
2025-02-02,1223289,ΣΚΛΑΒΕΝΙΤΗΣ Κουκουνάρι Ψίχα Εισαγωγής 50gr,2.2
2025-02-02,1221520,FRUIT FOR SNACK Χουρμάδες Αποξηραμένοι Απύρηνοι 200gr,1.92
2025-02-02,1592888,RUFFLES Κυματιστά Πατατάκια Barbeque 130gr,1.92
2025-02-02,1259144,LAY&#39;S Πατατάκια με Ρίγανη 150gr,1.55
2025-02-02,1592886,LAY&#39;S Πατατάκια 50% Λιγότερο Αλάτι 130gr,1.55
2025-02-02,1298862,ΑΛΛΑΤΙΝΗ 2001 Κράκερς Αλμυρά 4x40gr +1 Δώρο,1.67
2025-02-02,5068432,POPBUSTER Ποπ Κορν με γεύση Βούτυρου Χωρίς γλουτένη 100gr,0.8
2025-02-02,1223227,ΣΚΛΑΒΕΝΙΤΗΣ Σταφίδες Μαύρες Ελληνικές 200gr,1.14
2025-02-02,1223268,ΣΚΛΑΒΕΝΙΤΗΣ Αμύγδαλα Ψίχα Ωμά Ελληνικά 200gr,3.6
2025-02-02,1426423,JUMBO Country Chips με Μαύρο Πιπέρι &amp; Αλάτι Χωρίς γλουτένη 150gr,1.8
2025-02-02,1223285,ΣΚΛΑΒΕΝΙΤΗΣ Κάσιους Αλατισμένα Εισαγωγής 200gr,3.85
2025-02-02,7546955,ΠΑΠΑΔΟΠΟΥΛΟΥ Batonettes Αλμυρά Στικς με Σουσάμι Vegan 45gr,0.75
2025-02-02,1259145,RUFFLES Κυματιστά Πατατάκια με Αλάτι 150gr,1.95
2025-02-02,1572506,DORITOS Nacho Σνακ Καλαμποκιού με γεύση Τυρί 200gr,1.46
2025-02-02,1600075,BONORA Κυματιστά Πατατάκια με Ρίγανη 200gr,1.6
2025-02-02,1223249,ΣΚΛΑΒΕΝΙΤΗΣ Φιστίκια Κοκτέιλ Ελληνικά 200gr,1.32
2025-02-02,1259934,POP-O-TOP&#39;S Ποπ Κορν Κλασικό Χωρίς γλουτένη 85gr,1.08
2025-02-02,1532642,TSAKIRIS Πατατάκια Στικς με Αλάτι Vegan Χωρίς γλουτένη 130gr,1.57
2025-02-02,1051093,JUMBO Σνακ Γαριδάρες Χωρίς γλουτένη 85gr ,1.08
2025-02-02,1223264,ΣΚΛΑΒΕΝΙΤΗΣ Αμύγδαλα Ψίχα Αποφλοιωμένα Ελληνικά 200gr,3.75
2025-02-02,1588601,LAY&#39;S Στο Φούρνο Πατατάκια με γεύση Γιαούρτι &amp; Μυρωδικά 105gr,1.85
2025-02-02,1361124,CHEETOS Σνακ Δρακουλίνια με γεύση Τυρί &amp; Ντομάτα 100gr,1.18
2025-02-02,1051101,JUMBO Φιστικόμπαλες Vegan Χωρίς γλουτένη 102gr,1.08
2025-02-02,3235850,LAY&#39;S Πατατάκια με γεύση Αλάτι &amp; Ξίδι 130gr,1.55
2025-02-02,1358214,ΣΚΛΑΒΕΝΙΤΗΣ Αμύγδαλα Ψίχα Αποφλοιωμένα Ψημένα μη Αλατισμένα Ελληνικά 200gr,4.68
2025-02-02,1377081,BONORA Κυματιστά Πατατάκια Barbeque 120gr,0.98
2025-02-02,1407384,ΣΚΛΑΒΕΝΙΤΗΣ Καρύδια Ψίχα Ελληνικά 200gr,4.05
2025-02-02,1512827,ΣΚΛΑΒΕΝΙΤΗΣ Ανάμικτοι Ξηροί Καρποί Ωμοί Εισαγωγής 200gr,2.55
2025-02-02,1449514,ELEPHANT Πρέτζελ με Θαλασσινό Αλάτι 80gr,1.0
2025-02-02,7189574,LAY&#39;S Σνακ Δημητριακών Ολικής Άλεσης Sour Cream &amp; Μαύρο Πιπέρι 95gr,1.95
2025-02-02,1426433,JUMBO Country Chips με Αλάτι Χωρίς γλουτένη 150gr,1.8
2025-02-02,1593385,TASTY Σνακ Πιτσίνια 110gr,1.18
2025-02-02,2656494,EL SABOR Nacho Chips με γεύση Τυριού Χωρίς γλουτένη 225gr,1.96
2025-02-02,1229683,ΣΚΛΑΒΕΝΙΤΗΣ Φιστίκια με γεύση Πάπρικα Ελληνικά 200gr,1.4
2025-02-02,1601642,BONORA Κυματιστά Πατατάκια με Αλάτι 120gr,0.98
2025-02-02,5068325,POPBUSTER Ποπ Κορν με Αλάτι Χωρίς γλουτένη 100gr,0.8
2025-02-02,1300216,ΣΚΛΑΒΕΝΙΤΗΣ Φιστίκια Αράπικα Ψημένα Ελληνικά 200gr,1.4
2025-02-02,1223286,ΣΚΛΑΒΕΝΙΤΗΣ Φιστίκια Κελυφωτά Ψημένα Αλατισμένα Ελληνικά 200gr,4.6
2025-02-02,1570760,JUMBO Crunchy Πατατάκια Χωρίς γλουτένη Χωρίς προσθήκη αλατιού 140gr,1.58
2025-02-02,1476945,ΣΚΛΑΒΕΝΙΤΗΣ Ανάμικτοι Ξηροί Καρποί &amp; Κράνμπερι με Χυμό Μήλου Εισαγωγής 200gr,3.95
2025-02-02,1259146,RUFFLES Κυματιστά Πατατάκια με Ρίγανη 150gr,1.95
2025-02-02,1269751,TASTY Poppers Ποπ Κορν με γεύση Βούτυρο 86gr,1.48
2025-02-02,2942514,TASTY Poppers Ποπ Κορν με Αλάτι 81gr,1.48
2025-02-02,1512830,ΣΚΛΑΒΕΝΙΤΗΣ Ανάμικτοι Ξηροί Καρποί Ψημένοι Αλατισμένοι Εισαγωγής 200gr,2.9
2025-02-02,1306717,RICE UP Τσιπς Ρυζιού Barbeque Χωρίς γλουτένη 60gr,0.98
2025-02-02,1521195,ΣΚΛΑΒΕΝΙΤΗΣ Αμύγδαλα Ψίχα Ωμά Εισαγωγής 200gr,2.6
2025-02-02,3235934,RUFFLES Κυματιστά Πατατάκια με γεύση Κέτσαπ 130gr,1.92
2025-02-02,1377082,BONORA Κυματιστά Πατατάκια Barbeque 200gr,1.6
2025-02-02,1465524,TSAKIRIS Πατατάκια με Αλάτι Vegan Χωρίς γλουτένη 90gr,0.95
2025-02-02,1223219,ΣΚΛΑΒΕΝΙΤΗΣ Καρύδα Αποξηραμένη τριμμένη Εισαγωγής 150gr,0.88
2025-02-02,1465529,TSAKIRIS Πατατάκια με Αλάτι Vegan Χωρίς γλουτένη 140gr,1.78
2025-02-02,1223266,ΣΚΛΑΒΕΝΙΤΗΣ Αμύγδαλα Ψίχα Ψημένα Αλατισμένα Ελληνικά 200gr,4.3
2025-02-02,1592887,LAY&#39;S Πατατάκια 0% Προσθήκη Αλατιού 130gr,1.55
2025-02-02,3679073,DIMFIL Bio Farma Κάσιους Ωμό Βιολογικό Χωρίς αλάτι 200gr,4.46
2025-02-02,1485681,JUMBO Country Chips με Ξίδι Βαλσάμικο &amp; Καραμελωμένο Κρεμμύδι Χωρίς γλουτένη 150gr,1.8
2025-02-02,1592931,CHIPITA Πατατάκια με Αλάτι 80gr,0.96
2025-02-02,7189566,LAY&#39;S Σνακ Δημητριακών Ολικής Άλεσης με Θαλασσινό Αλάτι 95gr,1.95
2025-02-02,1225466,ΣΚΛΑΒΕΝΙΤΗΣ Πασατέμπος Ψιλός Ψημένος Αλατισμένος Ελληνικός 200gr,1.48
2025-02-02,1223198,ΣΚΛΑΒΕΝΙΤΗΣ Φιστίκια Χουανίτα Ελληνικά 200gr,1.52
2025-02-02,7546922,ΠΑΠΑΔΟΠΟΥΛΟΥ Pick Κράκερς με Τυρί 45gr,0.5
2025-02-02,2656478,EL SABOR Nacho Chips με γεύση Chili Χωρίς γλουτένη 225gr,1.66
2025-02-02,1446989,BONORA Μπαλίτσες Καλαμποκιού με Φιστίκι 90gr,0.65
2025-02-02,1221473,BALLY NUTS Ηλιόσπορος Ψίχα Χωρίς αλάτι 180gr,1.0
2025-02-02,1397220,ΣΚΛΑΒΕΝΙΤΗΣ Κράνμπερι Αποξηραμένα με Χυμό Μήλου Εισαγωγής 200gr,3.1
2025-02-02,4349627,ΑΛΛΑΤΙΝΗ 2001 Κράκερς Αλμυρά 40gr,0.43
2025-02-02,1601645,BONORA Κυματιστά Πατατάκια με Ρίγανη 120gr,0.98
2025-02-02,1036021,ELITE Μεσογειακά Κράκερς Ντομάτα &amp; Βασιλικός 105gr,1.5
2025-02-02,1223235,ΣΚΛΑΒΕΝΙΤΗΣ Στραγάλια Ψημένα Αφράτα Εισαγωγής 200gr,1.15
2025-02-02,1426400,JUMBO Country Chips με Ποικιλία Τυριών Χωρίς γλουτένη 150gr,1.8
2025-02-02,1098774,FRUIT FOR SNACK Δαμάσκηνα Αποξηραμένα Χωρίς Πυρήνα 200gr,3.3
2025-02-02,1098785,FRUIT FOR SNACK Κράνμπερι Αποξηραμένα 230gr,3.4
2025-02-02,1565862,ΜΑΡΑΤΑ Βερίκοκα Αποξηραμένα 250gr,3.5
2025-02-02,1429681,DORITOS Nacho Σνακ Καλαμποκιού με γεύση Τυρί 100gr,1.48
2025-02-02,1489434,RUFFLES Κυματιστά Πατατάκια Barbeque 400gr,3.35
2025-02-02,1465527,TSAKIRIS Πατατάκια με γεύση Ρίγανη Χωρίς γλουτένη 90gr,0.95
2025-02-02,1539704,RICE UP Τσιπς Ρυζιού Πίτσα Χωρίς γλουτένη 60g,0.98
2025-02-02,1274649,PRINGLES Σνακ Sour Cream &amp; Onion 165gr,2.53
2025-02-02,1223206,ΣΚΛΑΒΕΝΙΤΗΣ Ανάμικτοι Ξηροί Καρποί Ψημένοι μη Αλατισμένοι Εισαγωγής 200gr,4.54
2025-02-02,1592928,CHIPITA Πατατάκια με Ρίγανη 80gr,0.96
2025-02-02,1521191,ΣΚΛΑΒΕΝΙΤΗΣ Αμύγδαλα Ψίχα Αποφλοιωμένα Εισαγωγής 200gr,2.7
2025-02-02,1223243,ΣΚΛΑΒΕΝΙΤΗΣ Φιστίκια Κελυφωτά Ψημένα μη Αλατισμένα Ελληνικά 200gr,4.6
2025-02-02,1465530,TSAKIRIS Πατατάκια με γεύση Ρίγανη Χωρίς γλουτένη 140gr,1.78
2025-02-02,1223195,ΣΚΛΑΒΕΝΙΤΗΣ Φιστίκια με γεύση Μπέικον &amp; Τυρί Ελληνικά 200gr,1.8
2025-02-02,1224453,ΕΥ BIO Σταφίδα Σουλτανίνα Βιολογική 200gr,3.4
2025-02-02,1298672,GULLON Mini Mix Κράκερ 350gr,1.54
2025-02-02,1223244,ΣΚΛΑΒΕΝΙΤΗΣ Στραγάλια Ψημένα Αφράτα &amp; Σταφίδες Ξανθές μη Αλατισμένα Εισαγωγής 200gr,1.4
2025-02-02,1224449,ΕΥ BIO Σταφίδες Μαύρες Κορινθιακές Βιολογικές 200gr,2.62
2025-02-02,1588604,LAY&#39;S Στο Φούρνο Πατατάκια με γεύση Πάπρικα 105gr,1.85
2025-02-02,1036019,ELITE Μεσογειακά Κράκερς Ρίγανη &amp; γεύση Φέτας 105gr,1.5
2025-02-02,1491909,RICE UP Τσιπς Ρυζιού Καραμελωμένο Αχλάδι &amp; Γκοργκοντζόλα Χωρίς γλουτένη 60gr ,0.98
2025-02-02,1446986,BONORA Ποπ Κορν με Αλάτι 100gr,0.88
2025-02-02,1386067,SALTSETIES Αλμυρά Στικς 250gr,1.32
2025-02-02,1446990,BONORA Γαριδάκια με γεύση Τυρί 90gr,0.65
2025-02-02,4186581,ΠΑΠΑΔΟΠΟΥΛΟΥ Pick Crackers Classic 100gr,1.08
2025-02-02,1224455,ΜΑΡΑΤΑ Μπανάνα Chips Αποξηραμένα Ζαχαρωμένα 120gr,1.0
2025-02-02,1228688,BALLY NUTS Κολοκυθόσπορος Ψίχα Χωρίς αλάτι 180gr,2.15
2025-02-02,1516320,ELITE Μεσογειακά Κράκερς με Χαρούπι 105gr,1.5
2025-02-02,1379860,TASTY Poppers Ποπ Κορν με γεύση Τυρί 81gr,1.48
2025-02-02,1223191,ΣΚΛΑΒΕΝΙΤΗΣ Πασατέμπος Χονδρός Ψημένος μη Αλατισμένος Εισαγωγής 150gr,1.15
2025-02-02,1446987,BONORA Sticks Καλαμποκιού με γεύση Τυρί 90gr,0.65
2025-02-02,1274647,PRINGLES Σνακ Original Vegan 165gr\t,2.53
2025-02-02,1259132,ΣΚΛΑΒΕΝΙΤΗΣ Αμύγδαλα Ψίχα Αποφλοιωμένα σε φέτες Ελληνικά 150gr,2.58
2025-02-02,1224280,FRUIT FOR SNACK Βερίκοκα Αποξηραμένα 200gr,3.8
2025-02-02,1460307,ΣΚΛΑΒΕΝΙΤΗΣ Καλαμπόκι Σνακ Ελληνικό 150gr,0.9
2025-02-02,1591766,ΠΑΠΑΔΟΠΟΥΛΟΥ Pick Κράκερς Mix 350gr,2.2
2025-02-02,1223255,ΣΚΛΑΒΕΝΙΤΗΣ Φιστίκια Αράπικα με Κέλυφος Ψημένα Εισαγωγής 250gr,1.25
2025-02-02,1614349,AGRINO Rice Chips Σνακ Sour Cream &amp; Onion Vegan Χωρίς γλουτένη 60gr,1.34
2025-02-02,1588603,LAY&#39;S Στο Φούρνο Πατατάκια Ντομάτα &amp; Βασιλικός 105gr,1.85
2025-02-02,1461020,SNUTS Salad Mate Ξηροί Καρποί για Πράσινη Σαλάτα 105gr,1.48
2025-02-02,1629380,BONORA Πατατάκια με Ρίγανη 200gr,1.56
2025-02-02,1193472,ΑΓΡΟΤΙΚΟΣ ΣΥΝΕΤΑΙΡΙΣΜΟΣ ΤΑΞΙΑΡΧΗ Σύκα Αποξηραμένα Ευβοίας 250gr,4.5
2025-02-02,1631121,CHEETOS Γαριδάκια Lotto με γεύση Τυρί 90gr,1.28
2025-02-02,1456442,CHEETOS Σνακ με γεύση Pizza 110gr,1.18
2025-02-02,1299872,TROFINO Καλαμπόκι για Ποπ Κορν Βιολογικό 300gr,2.08
2025-02-02,3679024,DIMFIL Bio Farma Αμύγδαλα Ψίχα Ωμά Βιολογικά Χωρίς αλάτι 200gr,4.46
2025-02-02,1576498,PRINGLES Σνακ Paprika 165gr,2.53
2025-02-02,1614316,AGRINO Rice Chips Σνακ Aegean Herbs Vegan Χωρίς γλουτένη 60gr,1.34
2025-02-02,4678330,TROFINO Ηλιόσπορος Ψίχα Βιολογικός 250gr,1.68
2025-02-02,1585049,LAY&#39;S Στο Φούρνο Κράκερς Πολύσπορα με γεύση Ντομάτας &amp; Βασιλικού 80gr,1.18
2025-02-02,1585059,LAY&#39;S Στο Φούρνο Κράκερς Πολύσπορα με γεύση Κόκκινης Πάπρικας &amp; Μυρωδικών 80gr,1.18
2025-02-02,1136516,FRUIT FOR SNACK Μύρτιλλα Αποξηραμένα 100gr,3.45
2025-02-02,1382591,TROFINO Κολοκυθόσπορος Ψίχα Βιολογικός 200gr,2.86
2025-02-02,1223448,ΣΚΛΑΒΕΝΙΤΗΣ Φιστίκια Κελυφωτά Ψημένα Αλατισμένα Ελληνικά 500gr,11.2
2025-02-02,1631545,BONORA Πατατάκια Κλασικά με Αλάτι 120gr,0.98
2025-02-02,8339020,SUNSWEET Δαμάσκηνα Αποξηραμένα χωρίς κουκούτσι 500gr,8.6
2025-02-02,1136512,FRUIT FOR SNACK Γκότζι Μπέρι Αποξηραμένα 75gr,2.1
2025-02-02,1223291,ΣΚΛΑΒΕΝΙΤΗΣ Κράνμπερι Αποξηραμένο Ζαχαρωμένο Εισαγωγής 200gr,2.45
2025-02-02,1223290,ΣΚΛΑΒΕΝΙΤΗΣ Φιστίκια Κελυφωτά Ψίχα Ωμή Ελληνικά 200gr,9.85
2025-02-02,1534253,WASA Σάντουιτς Tυρί Ντομάτα &amp; Βασιλικός 40gr,1.18
2025-02-02,1228685,ΜΑΡΑΤΑ Μάνγκο Αποξηραμένο Ζαχαρωμένο 150gr,1.9
2025-02-02,1585053,LAY&#39;S Στο Φούρνο Κράκερς Πολύσπορα με γεύση Λαχανικών &amp; Πράσινου Κρεμμυδιού 80gr,1.18
2025-02-02,1633178,BONORA Πατατάκια Κλασικά με Αλάτι 200gr,1.56
2025-02-02,1224327,ΜΑΡΑΤΑ Παπάγια Αποξηραμένη Ζαχαρωμένη 250gr,2.84
2025-02-02,1223232,ΣΚΛΑΒΕΝΙΤΗΣ Στραγάλια Ψημένα Αλατισμένα Εισαγωγής 200gr,1.05
2025-02-02,1528929,ΚΑΛΟΓΕΡΑΚΗΣ Δαμάσκηνα Απύρηνα Αποξηραμένα 250gr,3.3
2025-02-02,1614071,DORITOS Σνακ Flamin&#39; Hot 75g,1.48
2025-02-02,1577437,ΣΚΛΑΒΕΝΙΤΗΣ Αμύγδαλα με γεύση Μπάρμπεκιου Ελληνικά 200g ,3.2
2025-02-02,1224326,ΜΑΡΑΤΑ Ανανάς Αποξηραμένος Ζαχαρωμένος 250gr,2.92
2025-02-02,1614073,RUFFLES Κυματιστά Πατατάκια Flamin&#39; Hot 90g,1.48
2025-02-02,1224485,FRUIT FOR SNACK Αποξηραμένα Superfruits 150gr,3.15
2025-02-02,1614074,CHEETOS Σνακ Flamin&#39; Hot 80g,1.48
2025-02-02,1382590,TROFINO Κράνμπερι Αποξηραμένα Βιολογικά Χωρίς προσθήκη ζάχαρης 150gr,4.82
2025-02-02,1565864,ΜΑΡΑΤΑ Δαμάσκηνα Αποξηραμένα με Κουκούτσι 250gr,2.9
2025-02-02,1223282,ΣΚΛΑΒΕΝΙΤΗΣ Φιστίκια Κελυφωτά Ψίχα Ωμή σε φέτες Ελληνικά 200gr,9.6
2025-02-02,1630939,FRUIT FOR SNACK Δαμάσκηνα Αποξηραμένα με Πυρήνα 200gr,2.5
2025-02-02,3679032,DIMFIL Bio Farma Φουντούκια Ψίχα Εισαγωγής Βιολογικά 200gr,4.55
2025-02-02,1633703,BONORA Πατατάκια με Ρίγανη 120gr,0.98
2025-02-02,1635263,ELITE Μεσογειακά Κράκερς Ντομάτα &amp; Βασιλικός 3x105gr,3.5
2025-02-02,1639399,TASTY Poppers Ποπ Κορν με Αλάτι 75gr,1.48
2025-02-02,1640823,RUFFLES Κυματιστά Πατατάκια με Ρίγανη 140gr,1.95
2025-02-02,1640834,TASTY Σνακ Πιτσίνια 100gr,1.48
2025-02-02,2359685,ΦΑΓΕ Total Γιαούρτι Στραγγιστό 2% 3x200gr,2.75
2025-02-02,1428687,ΜΑΡΑΤΑ Γιαούρτι Στραγγιστό 2% 1kg,2.4
2025-02-02,1176083,ΣΤΑΜΟΥ Ρυζόγαλο Χωρίς γλουτένη 180gr,0.87
2025-02-02,1621399,ΡΟΔΟΠΗ Γιαούρτι Κατσικίσιο Παραδοσιακό 200g,1.33
2025-02-02,1221831,ΜΑΡΑΤΑ Γιαούρτι Στραγγιστό 2% 3x200gr,1.75
2025-02-02,1274237,ΝΟΥΝΟΥ Γιαούρτι Στραγγιστό 1-5% 2x200gr +1 Δώρο,3.42
2025-02-02,1428688,ΜΑΡΑΤΑ Γιαούρτι Στραγγιστό 10% 1kg,2.4
2025-02-02,1567867,ΡΟΔΟΠΗ Κρέμα 160gr,1.1
2025-02-02,1287197,ΤΖΙΦΡΗΣ Γιαούρτι Πρόβειο 220gr,1.1
2025-02-02,1541372,ΝΟΥΝΟΥ Γιαούρτι Στραγγιστό 1-5% 1kg,4.2
2025-02-02,2782126,ΟΛΥΜΠΟΣ Γιαούρτι Στραγγιστό 2% 3x200gr,4.04
2025-02-02,3232626,ΦΑΓΕ Total Γιαούρτι Στραγγιστό 2% 1kg,4.88
2025-02-02,1561791,ΝΟΥΝΟΥ Γιαούρτι Στραγγιστό 1-5% Χωρίς λακτόζη 2x175gr,2.16
2025-02-02,1585837,ARLA Protein Πουτίγκα με γεύση Σοκολάτα Χωρίς λακτόζη Χωρίς προσθήκη ζάχαρης 200gr,1.58
2025-02-02,1221396,ΜΑΡΑΤΑ Κρέμα Γάλακτος Light 15% 2x200gr +1 Δώρο,2.16
2025-02-02,1589143,ΔΕΛΤΑ Vitaline Protein Πουτίγκα με γεύση Σοκολάτα Χωρίς γλουτένη Χωρίς λακτόζη Χωρίς προσθήκη ζάχαρης 200gr,1.96
2025-02-02,1567869,ΡΟΔΟΠΗ Κρέμα Σοκολάτα 160gr,1.1
2025-02-02,1176086,ΣΤΑΜΟΥ Κρέμα Παραδοσιακή Χωρίς γλουτένη 180gr,0.85
2025-02-02,1612678,ΔΕΛΤΑ Advance Επιδόρπιο Γιαουρτιού με 5 Δημητριακά 2x140gr,1.97
2025-02-02,1612771,ΚΡΙ ΚΡΙ High Protein Super Spoon Πουτίγκα με γεύση Σοκολάτα Χωρίς προσθήκη ζάχαρης 200gr,1.58
2025-02-02,7182660,ΦΑΓΕ Total Γιαούρτι Στραγγιστό 5% 3x200gr,2.75
2025-02-02,1567868,ΡΟΔΟΠΗ Ρυζόγαλο 160gr,1.1
2025-02-02,1221836,ΜΑΡΑΤΑ Γιαούρτι Αγελάδος 2% 3x200gr,1.3
2025-02-02,1140323,ΟΛΥΜΠΟΣ Freelact Γιαούρτι Στραγγιστό 2% Χωρίς λακτόζη 2x170gr,2.17
2025-02-02,1612683,ΔΕΛΤΑ Advance Επιδόρπιο Γιαουρτιού Μήλο Μπανάνα 2x140gr,1.97
2025-02-02,1287196,ΤΖΙΦΡΗΣ Γιαούρτι Πρόβειο 2% 220gr,1.1
2025-02-02,2398113,ΟΛΥΜΠΟΣ Γιαούρτι Στραγγιστό 2% 1kg,4.95
2025-02-02,1221826,ΜΑΡΑΤΑ Γιαούρτι Στραγγιστό 10% 3x200gr,1.75
2025-02-02,1566861,ΜΕΒΓΑΛ Πολίτικο Ρύζι &amp; Γάλα 150gr,0.83
2025-02-02,1220056,ΟΛΥΜΠΟΣ Κρέμα Γάλακτος 12% Λιπαρά 2x200ml +1 Δώρο,2.13
2025-02-02,1437218,ΚΡΙ ΚΡΙ Babies Γιαούρτι Βρεφικό Χωρίς Προσθήκη ζάχαρης 2x140gr,2.05
2025-02-02,1221394,ΜΑΡΑΤΑ Κρέμα Γάλακτος 35% 2x200gr +1 Δώρο,3.28
2025-02-02,1274234,ΝΟΥΝΟΥ Γιαούρτι Στραγγιστό 5% 2x200gr +1 Δώρο,3.42
2025-02-02,1221232,ΜΕΒΓΑΛ Κρέμα Καραμελέ 150gr,0.9
2025-02-02,1222737,ΝΟΥΝΟΥ Κρέμα Γάλακτος Light 2x200ml +1 Δώρο,3.08
2025-02-02,1621401,ΡΟΔΟΠΗ Γιαούρτι Πρόβειο Παραδοσιακό 200g,1.42
2025-02-02,1176088,ΣΤΑΜΟΥ Κρέμα Σοκολάτα 180gr,0.85
2025-02-02,1541377,ΝΟΥΝΟΥ Γιαούρτι Στραγγιστό 5% 1kg,4.2
2025-02-02,5509666,ΜΕΒΓΑΛ Γιαούρτι Πρόβειο Παραδοσιακό Ελαφρύ 4% 220gr,1.5
2025-02-02,3232618,ΦΑΓΕ Total Γιαούρτι Στραγγιστό 5% 1kg,4.88
2025-02-02,1226840,ΑΓΡΟΚΤΗΜΑΤΑ ΚΙΘΑΙΡΩΝΑ Ρυζόγαλο 180gr,0.9
2025-02-02,1585836,ARLA Protein Πουτίγκα με γεύση Αλατισμένη Καραμέλα Χωρίς λακτόζη Χωρίς προσθήκη ζάχαρης 200gr,1.58
2025-02-02,1433451,ΜΕΒΓΑΛ Γιαούρτι Κατσικίσιο Παραδοσιακό 4% 220gr,1.44
2025-02-02,1470405,ΣΤΑΜΟΥ Η Κατσικούλα Μας Γιαούρτι Κατσικίσιο 240gr,1.63
2025-02-02,1612767,ΚΡΙ ΚΡΙ High Protein Super Spoon Πουτίγκα  με γεύση Βανίλια Χωρίς προσθήκη ζάχαρης 200gr,1.58
2025-02-02,1555102,ΜΕΒΓΑΛ Γιαούρτι Πρόβειο Παραδοσιακό 280gr,1.8
2025-02-02,1612685,ΔΕΛΤΑ Advance Επιδόρπιο Γιαουρτιού Ροδάκινο Μήλο Βρόμη 2x140gr,1.97
2025-02-02,1566859,ΜΕΒΓΑΛ Κρέμα Βανίλια 150gr,0.82
2025-02-02,1220914,ΟΛΥΜΠΟΣ Κεφίρ Γιαούρτι 1% 2x150gr,2.38
2025-02-02,1233028,ΣΤΑΜΟΥ Ρυζόγαλο 1-5% με Στέβια Χωρίς γλουτένη Χωρίς προσθήκη ζάχαρης 180gr,1.27
2025-02-02,1622940,ΡΟΔΟΠΗ Γιαούρτι Κατσικίσιο Παραδοσιακό Βιολογικό 200gr,1.73
2025-02-02,2935179,ΦΑΓΕ Αγελαδίτσα Γιαούρτι 2% 3x200gr,2.55
2025-02-02,2998623,ΦΑΓΕ Total Γιαούρτι Στραγγιστό 2% 500gr,2.18
2025-02-02,1586994,ACTIVIA Τραγανή Απόλαυση Επιδόρπιο Γιαουρτιού με Νιφάδες Δημητριακών Μέλι &amp; Αμύγδαλα 188gr,1.4
2025-02-02,1570063,ΠΗΛΙΑΓΝΟ Γιαούρτι Κατσικίσιο Βιολογικό 150gr,1.14
2025-02-02,1586992,ACTIVIA Τραγανή Απόλαυση Επιδόρπιο Γιαουρτιού με Νιφάδες Δημητριακών 3x188gr,4.16
2025-02-02,1176091,ΣΤΑΜΟΥ Γιαούρτι Πρόβειο 240gr,1.69
2025-02-02,1233037,ΣΤΑΜΟΥ Κρέμα Βανίλια Σοκολάτα Χωρίς γλουτένη 180gr,1.23
2025-02-02,1616167,ΝΟΥΝΟΥ Power Βowl Επιδόρπιο Γιαουρτιού Μπισκότο Ολικής Chia Ηλιόσπορος &amp; Λιναρόσπορος 2% 2x175gr,2.48
2025-02-02,1615370,ΔΕΛΤΑ Vitaline Protein Mousse με γεύση Bitter Σοκολάτας Χωρίς γλουτένη 200gr,2.3
2025-02-02,1460960,ΚΡΙ ΚΡΙ Γιαούρτι Αγελάδος 2% 2x200gr +1 Δώρο,1.65
2025-02-02,1610169,DANONE HiPro Protein Πουτίγκα με γεύση Σοκολάτα Χωρίς προσθήκη ζάχαρης 200gr,1.98
2025-02-02,1589130,ΔΕΛΤΑ Vitaline Protein Πουτίγκα με γεύση Βανίλια Χωρίς γλουτένη Χωρίς λακτόζη Χωρίς προσθήκη ζάχαρης 200gr,1.96
2025-02-02,1528947,ΟΛΥΜΠΟΣ Μεγαλώνω Γιαούρτι Κατσικίσιο Χωρίς προσθήκη ζάχαρης 2x150gr,2.98
2025-02-02,1632302,ΡΟΔΟΠΗ Κρέμα Σοκολάτα Χωρίς προσθήκη ζάχαρης 160gr,1.24
2025-02-02,1587503,ΜΑΡΑΤΑ Επιδόρπιο Γιαουρτιού με Φράουλα Χωρίς γλουτένη 2x200gr,1.34
2025-02-02,4582763,ΦΑΓΕ Total Γιαούρτι Στραγγιστό 0% 3x170gr,3.53
2025-02-02,1600076,ΔΕΛΤΑ Vitaline Protein Πουτίγκα με γεύση Καραμέλας Χωρίς γλουτένη Χωρίς λακτόζη Χωρίς προσθήκη ζάχαρης 200gr,1.96
2025-02-02,1612672,ΔΕΛΤΑ Advance Επιδόρπιο Γιαουρτιού Αχλάδι Βερίκοκο 2x140gr,1.97
2025-02-02,1489894,ΔΩΔΩΝΗ Γιαούρτι Κατσικίσιο Παραδοσιακό 240gr,1.48
2025-02-02,4027934,ΦΑΓΕ Total Γιαούρτι Στραγγιστό 5% 500gr,2.18
2025-02-02,1632301,ΡΟΔΟΠΗ Ρυζόγαλο Χωρίς προσθήκη ζάχαρης 160gr,1.24
2025-02-02,1581389,ΜΕΒΓΑΛ Harmony Επιδόρπιο Γιαουρτιού 1% Stracciatella 2x170gr +1 Δώρο,2.72
2025-02-02,1273181,ΑΓΡΟΚΤΗΜΑΤΑ ΚΙΘΑΙΡΩΝΑ Κρέμα Βανίλια 180gr,0.9
2025-02-02,1430777,ΟΛΥΜΠΟΣ Γιαούρτι Στραγγιστό 2% Βιολογικό 2x170gr,3.04
2025-02-02,1223774,ΣΤΑΜΟΥ Μουσταλευριά 180gr,1.06
2025-02-02,1528939,ΟΛΥΜΠΟΣ Μεγαλώνω Γιαούρτι Αγελαδινό Χωρίς προσθήκη ζάχαρης 2x150gr,2.0
2025-02-02,1233038,ΣΤΑΜΟΥ Κρέμα με Στέβια 1-5% Χωρίς γλουτένη Χωρίς προσθήκη ζάχαρης 180gr,1.26
2025-02-02,1587489,ΜΑΡΑΤΑ Επιδόρπιο Γιαουρτιού με Ροδάκινο Χωρίς γλουτένη 2x200gr,1.34
2025-02-02,5140090,ΔΩΔΩΝΗ Γιαούρτι Στραγγιστό 2% 1kg,4.64
2025-02-02,1568004,ΜΕΒΓΑΛ Επιδόρπιο Καϊμάκι Βύσσινο 150gr,1.04
2025-02-02,1621395,ΡΟΔΟΠΗ Γιαούρτι Πρόβειο Παραδοσιακό Βιολογικό 200g,1.73
2025-02-02,1510850,ΑΜΕΡΙΚΑΝΙΚΗΣ ΓΕΩΡΓΙΚΗΣ ΣΧΟΛΗΣ Γιαούρτι Στραγγιστό 2% 180gr,1.35
2025-02-02,9946484,KINDER Γαλακτοφέτες 5x28gr,2.35
2025-02-02,1442170,ΟΛΥΜΠΟΣ Καρπός Αμύγδαλο Επιδόρπιο Φυτικό Μύρτιλο Vegan Χωρίς γλουτένη Χωρίς λακτόζη 150gr,1.47
2025-02-02,1632300,ΡΟΔΟΠΗ Κρέμα Χωρίς προσθήκη ζάχαρης 160gr,1.24
2025-02-02,1614168,ALPRO Protein Πουτίγκα Σόγιας με γεύση Σοκολάτα Vegan Χωρίς λακτόζη 200gr,2.38
2025-02-02,1589368,DANONE HiPro Protein Επιδόρπιο Γιαουρτιού με γεύση Στρατσιατέλα Χωρίς γλουτένη Χωρίς προσθήκη ζάχαρης 160gr,1.55
2025-02-02,1615669,ΡΟΔΟΠΗ Κρέμα Καραμέλα 160gr\t,1.1
2025-02-02,1566860,ΜΕΒΓΑΛ Κρέμα Σοκολάτα 150gr,0.8
2025-02-02,1116831,ΦΑΡΜΑ ΚΟΥΚΑΚΗ Γιαούρτι Στραγγιστό 2% 2x200gr +1 Δώρο,2.27
2025-02-02,7165491,ΔΩΔΩΝΗ Γιαούρτι Στραγγιστό 8% 1kg,4.64
2025-02-02,1593216,ΜΑΡΑΤΑ Γιαούρτι Αγελάδος 2% Χωρίς λακτόζη 2x200gr,1.15
2025-02-02,1612668,ΔΕΛΤΑ Advance Επιδόρπιο Γιαουρτιού Φαρίν Λακτέ 2x140gr,1.97
2025-02-02,3257029,ΟΛΥΜΠΟΣ Γιαούρτι Κατσικίσιο 2x200gr,3.28
2025-02-02,9946518,KINDER Pingui 4x30gr,2.56
2025-02-02,1466780,ΟΛΥΜΠΟΣ Γιαούρτι Στραγγιστό 5% 3x200gr,4.04
2025-02-02,3999448,ΕΒΟΛ Γιαούρτι Κατσικίσιο Βιολογικό 190gr,1.6
2025-02-02,1531203,ΣΤΑΜΟΥ Κρέμα Καραμελέ 150gr,1.34
2025-02-02,1116824,ΦΑΡΜΑ ΚΟΥΚΑΚΗ Γιαούρτι Στραγγιστό 2x200gr +1 Δώρο,2.27
2025-02-02,1170466,ΜΕΒΓΑΛ Only Επιδόρπιο Γιαουρτιού 2% Χωρίς λακτόζη 2x200gr +1 Δώρο,2.06
2025-02-02,1585834,ARLA Protein Πουτίγκα με γεύση Φουντούκι &amp; Καφέ Χωρίς λακτόζη Χωρίς προσθήκη ζάχαρης 200gr,1.58
2025-02-02,1473844,ΔΕΛΤΑ Vitaline Go Protein Επιδόρπιο Γιαουρτιού με Βανίλια &amp; Κομμάτια Σοκολάτας Χωρίς προσθήκη ζάχαρης 2x170gr,2.18
2025-02-02,2740462,ΟΛΥΜΠΟΣ Γιαούρτι Αγελάδος Βιολογικό 2x200gr,2.8
2025-02-02,1221833,ΜΑΡΑΤΑ Γιαούρτι Αγελάδος 3-9% 3x200gr,1.3
2025-02-02,1616166,ΝΟΥΝΟΥ Power Βowl Επιδόρπιο Γιαουρτιού Μπανάνα Βρόμη &amp; Κομμάτια Μαύρης Σοκολάτας 2% 2x175gr,2.48
2025-02-02,7135510,ACTIVIA Επιδόρπιο Γιαουρτιού 2% Καρύδι &amp; Βρόμη 2x200gr,2.95
2025-02-02,2136182,ΓΙΩΤΗΣ Κρέμα Καραμελέ 4x100gr,2.86
2025-02-02,1490695,ΟΛΥΜΠΟΣ Παιδικό Επιδόρπιο Γάλακτος Κρέμα Κακάο Παιδικό 2x125gr,1.68
2025-02-02,1145856,ΟΛΥΜΠΟΣ Κρέμα Γάλακτος 20% 2x200ml +1 Δώρο,2.58
2025-02-02,1452274,ΔΕΛΤΑ Advance Bio Γιαούρτι Βρεφικό Βιολογικό Χωρίς προσθήκη ζάχαρης 2x140gr,2.36
2025-02-02,1221395,ΜΑΡΑΤΑ Κρέμα Γάλακτος Light 15% 200gr,1.08
2025-02-02,1581383,ΜΕΒΓΑΛ Harmony Επιδόρπιο Γιαουρτιού 1% Λεμόνι 2x170gr +1 Δώρο,2.72
2025-02-02,1466777,ΟΛΥΜΠΟΣ Γιαούρτι Στραγγιστό 5% 1kg,4.95
2025-02-02,1572912,ΕΒΟΛ Γιαούρτι Κατσικίσιο Στραγγιστό 200gr,1.75
2025-02-02,1398805,ΚΡΙ ΚΡΙ Superspoon High Protein Επιδόρπιο Στραγγιστού Γιαουρτιού Μπανάνα Μάνγκο Λιναρόσπορος &amp; Δημητριακά  2x170gr,1.98
2025-02-02,1615747,ΜΕΒΓΑΛ High Protein Επιδόρπιο Στραγγιστού Γιαουρτιού Φράουλα Χωρίς προσθήκη ζάχαρης 170g,1.36
2025-02-02,1615742,ΜΕΒΓΑΛ Harmony Gourmet Επιδόρπιο Γιαουρτιού Double Choco &amp; Brownies 160gr,1.68
2025-02-02,6267009,ΦΑΡΜΑ ΚΟΥΚΑΚΗ Ρυζόγαλο 180gr,1.18
2025-02-02,1561818,ΜΕΒΓΑΛ Harmony Gourmet Επιδόρπιο Γιαουρτιού Πορτοκάλι &amp; Βέλγικη Σοκολάτα 160gr,1.68
2025-02-02,1221391,ΜΑΡΑΤΑ Κρέμα Γάλακτος 35% 200gr,1.64
2025-02-02,1473027,ΜΕΒΓΑΛ Maniacs Γαλακτοκέικ με Σοκολάτα Γάλακτος 3x28gr +1 Δώρο,2.03
2025-02-02,1610167,DANONE HiPro Protein Πουτίγκα με γεύση Βανίλια Χωρίς προσθήκη ζάχαρης 200gr,1.98
2025-02-02,1382595,ΒΕΛΟΥΔΟ Γιαούρτι Στραγγιστό Κατσικίσιο Βιολογικό 170gr,2.43
2025-02-02,1615745,ΜΕΒΓΑΛ High Protein Επιδόρπιο Στραγγιστού Γιαουρτιού Μπανάνα &amp; γεύση Φιστικοβούτυρο Χωρίς προσθήκη ζάχαρης 170gr,1.36
2025-02-02,1287194,ΤΖΙΦΡΗΣ Κρέμα Σοκολάτα Χωρίς γλουτένη 180gr,1.07
2025-02-02,1602555,ΤΕΜΠΗ Γιαούρτι Κατσικίσιο Βιολογικό 220gr,2.08
2025-02-02,1614624,ΣΤΑΜΟΥ Κρέμα με Ζελέ Φράουλα 170gr,1.18
2025-02-02,1597252,ΦΑΓΕ Αγελαδίτσα Γιαούρτι 2% Χωρίς λακτόζη 3x200gr,2.55
2025-02-02,1223772,ΜΑΡΑΤΑ Κρέμα Γάλακτος 35% 1lt,6.1
2025-02-02,1630399,ΜΕΒΓΑΛ Κρέμα Panna Cotta με γεύση Kαφέ 150gr,1.04
2025-02-02,1222738,ΝΟΥΝΟΥ Telia Προϊόν με Κρέμα Γάλακτος 3% 2x200ml +1 Δώρο,3.06
2025-02-02,1442172,ΟΛΥΜΠΟΣ Καρπός Αμύγδαλο Επιδόρπιο Φυτικό Δαμάσκηνο Βρόμη Vegan Χωρίς λακτόζη 150gr,1.47
2025-02-02,1624571,ΜΕΒΓΑΛ Maniacs Bluey Επιδόρπιο Γιαουρτιού Φράουλα Μπανάνα 3x140gr,2.58
2025-02-02,1454076,ΟΛΥΜΠΟΣ Καρπός Αμύγδαλο Επιδόρπιο Φυτικό Φράουλα Vegan Χωρίς γλουτένη Χωρίς λακτόζη 150gr,1.47
2025-02-02,1432952,ΕΒΟΛ Γιαούρτι Κατσικίσιο 220gr,1.24
2025-02-02,1615789,ΜΑΡΑΤΑ Κρέμα Γάλακτος 35% 350ml,2.3
2025-02-02,6067862,ΓΙΩΤΗΣ Sweet &amp; Balance Φρουί Ζελέ με γεύση Φράουλα με Στέβια Χωρίς ζάχαρη 2x150gr,2.14
2025-02-02,5831102,ΦΑΡΜΑ ΚΟΥΚΑΚΗ Γλύκισμα με γεύση Βανίλια 170gr,1.18
2025-02-02,2943306,ACTIVIA Επιδόρπιο Γιαουρτιού 2% με Φράουλα 2x200gr,2.95
2025-02-02,1617428,KOKO Greek Style Επιδόρπιο Φυτικό Καρύδας Vegan Χωρίς γλουτένη Χωρίς λακτόζη 350gr,3.14
2025-02-02,1099576,ΦΑΡΜΑ ΚΟΥΚΑΚΗ Γιαούρτι Αγελάδος 220gr,1.2
2025-02-02,1511506,ΣΥΝΕΤΑΙΡΙΣΜΟΣ ΚΑΛΑΒΡΥΤΩΝ Ρυζόγαλο 170gr,1.1
2025-02-02,1490694,ΟΛΥΜΠΟΣ Παιδικό Επιδόρπιο Γάλακτος Κρέμα Βανίλια 2x125gr,1.68
2025-02-02,1583919,MILKA Choco Snack Γαλακτοκέικ 29gr,0.86
2025-02-02,4582797,ΦΑΓΕ Γλυκοκουταλιές Risolat Βανίλια 2x170gr,1.47
2025-02-02,1613252,ΔΕΛΤΑ Του Τόπου Μας Γιαούρτι Στραγγιστό 2% 2x200gr,2.54
2025-02-02,1489893,ΔΩΔΩΝΗ Γιαούρτι Πρόβειο Παραδοσιακό 240gr,1.58
2025-02-02,1529166,ΣΤΑΜΟΥ Η Κατσικούλα Μας Γιαούρτι Κατσικίσιο σε Πήλινο 220gr,1.8
2025-02-02,1287188,ΤΖΙΦΡΗΣ Κρέμα Βανίλια Χωρίς γλουτένη 180gr,1.07
2025-02-02,1632016,ΦΑΡΜΑ ΚΟΥΚΑΚΗ Γιαούρτι Πρόβειο Παραδοσιακό 220gr,1.28
2025-02-02,1223090,ΝΟΥΝΟΥ Κρέμα Γάλακτος Πλήρης 2x200ml +1 Δώρο,5.4
2025-02-02,1615369,ΔΕΛΤΑ Vitaline Protein Mousse με γεύση Βανίλιας Χωρίς γλουτένη 200gr,2.3
2025-02-02,3482379,ALPRO Cooking Κρέμα Μαγειρικής Σόγιας Vegan Χωρίς γλουτένη Χωρίς λακτόζη 250ml,2.2
2025-02-02,1547120,ΚΡΙ ΚΡΙ Grow Επιδόρπιο Γιαουρτιού με Δημητριακά 2x140gr,2.05
2025-02-02,1442166,ΟΛΥΜΠΟΣ Καρπός Αμύγδαλο Επιδόρπιο Φυτικό Vegan Χωρίς γλουτένη Χωρίς λακτόζη 150gr,1.45
2025-02-02,1553397,ΣΤΑΜΟΥ Γιαούρτι Πρόβειο 2% 240gr,1.67
2025-02-02,1541811,ΦΑΓΕ Total Επιδόρπιο Στραγγιστού Γιαουρτιού με Μέλι Χωρίς γλουτένη 2x150gr ,1.86
2025-02-02,1610168,DANONE HiPro Protein Πουτίγκα με γεύση Καραμέλα Χωρίς προσθήκη ζάχαρης 200gr,1.98
2025-02-02,1509812,ΦΑΓΕ BeFree Γιαούρτι Στραγγιστό 0% Χωρίς λακτόζη 2x150gr,2.26
2025-02-02,1624561,ΜΕΒΓΑΛ Maniacs Bluey Επιδόρπιο Γιαουρτιού Αχλάδι Μήλο Μπανάνα 3x140gr,2.58
2025-02-02,5071006,ADORO Per Pasta Κρέμα Γάλακτος 2x200ml +1 Δώρο,4.76
2025-02-02,6172035,ALPRO Επιδόρπιο Σόγιας με Μαύρη Σοκολάτα Vegan Χωρίς γλουτένη 4x125gr,3.18
2025-02-02,1220173,DANONE Super Mario Yogoloso Επιδόρπιο Γιαουρτιού Φράουλα &amp; Σοκολατένια Κουφετάκια 2x110gr,2.32
2025-02-02,1510852,ΑΜΕΡΙΚΑΝΙΚΗΣ ΓΕΩΡΓΙΚΗΣ ΣΧΟΛΗΣ Γιαούρτι Στραγγιστό 5% 180gr,1.35
2025-02-02,1099558,ACTIVIA Επιδόρπιο Γιαουρτιού Λεμόνι 2% 2x200gr,2.95
2025-02-02,1473025,ΜΕΒΓΑΛ Maniacs Γαλακτοκέικ με Μέλι 3x28gr +1 Δώρο,1.86
2025-02-02,1548914,ΔΩΔΩΝΗ Plant&#39;d Επιδόρπιο Φυτικό Βρόμη με Μήλο &amp; Κανέλα Vegan 150gr,1.45
2025-02-02,1615748,ΜΕΒΓΑΛ Harmony Gourmet Επιδόρπιο Γιαουρτιού με γεύση Pavlova &amp; Μαρέγκα 160gr,1.68
2025-02-02,1581386,ΜΕΒΓΑΛ Harmony Επιδόρπιο Γιαουρτιού 1% Μήλο με Σταφίδες &amp; Κανέλα 2x170gr +1 Δώρο,2.72
2025-02-02,1600819,ROYAL Φυτική Κρέμα Μαγειρικής 500ml,2.08
2025-02-02,1622941,ΡΟΔΟΠΗ Γιαούρτι Πρόβειο Ελαφρύ Παραδοσιακό 200gr,1.43
2025-02-02,1562589,ΜΕΒΓΑΛ Harmony Gourmet Επιδόρπιο Γιαουρτιού Αλατισμένη Καραμέλα &amp; Βέλγικη Σοκολάτα 160gr,1.68
2025-02-02,1233027,ΣΤΑΜΟΥ Γιαούρτι Πρόβειο Ελαφρύ 2% 220gr,1.85
2025-02-02,1614675,ΣΤΑΜΟΥ Ζελέ με γεύση Φράουλα &amp; Κομμάτια Φρούτων 165gr,1.14
2025-02-02,1593429,ΑΓΡΟΚΤΗΜΑΤΑ ΚΙΘΑΙΡΩΝΑ Κρέμα Βανίλια με Στέβια 150gr,0.96
2025-02-02,7182637,ΦΑΓΕ Αγελαδίτσα Γιαούρτι 4% 3x200gr,2.55
2025-02-02,1574373,ΜΕΒΓΑΛ Frutomaniacs Επιδόρπιο Γιαουρτιού Φράουλα με Σοκολατομπαλίτσες Ίον 3x140gr,3.07
2025-02-02,1111484,ΓΙΩΤΗΣ Κρέμα Βανίλια 2x170gr,2.3
2025-02-02,1600821,ΠΗΛΙΑΓΝΟ Γιαούρτι Πρόβειο 6% Βιολογικό 150gr,1.14
2025-02-02,1287189,ΤΖΙΦΡΗΣ Ρυζόγαλο Χωρίς γλουτένη 180gr,1.07
2025-02-02,7361314,ACTIVIA Γιαούρτι Αγελάδος 2% 3x200gr,2.98
2025-02-02,1589363,DANONE HiPro Protein Επιδόρπιο Γιαουρτιού με γεύση Φιστικοβούτυρο &amp; Μπανάνα Χωρίς γλουτένη Χωρίς προσθήκη ζάχαρης 160gr,1.55
2025-02-02,1598370,ΚΡΙ ΚΡΙ Γιαούρτι Στραγγιστό &amp; Αγαπημένο 5% 2x200gr +1 Δώρο,2.44
2025-02-02,1155006,ΝΟΥΝΟΥ Κρέμα Γάλακτος 2x330ml,5.56
2025-02-02,1099573,ΦΑΡΜΑ ΚΟΥΚΑΚΗ Γιαούρτι Στραγγιστό Πλήρες 1kg,4.48
2025-02-02,1547119,ΚΡΙ ΚΡΙ Grow Επιδόρπιο Γιαουρτιού Μπανάνα &amp; Μήλο 2x140gr,2.05
2025-02-02,1145855,ΟΛΥΜΠΟΣ Κρέμα Γάλακτος 35% 2x200ml +1 Δώρο,3.88
2025-02-02,1622939,ΡΟΔΟΠΗ Γιαούρτι Αγελάδος Παραδοσιακό 3-9% 200gr,0.93
2025-02-02,1614157,ALPRO Protein Επιδόρπιο Σόγιας Κόκκινα Φρούτα Vegan Χωρίς γλουτένη Χωρίς λακτόζη 200gr,1.88
2025-02-02,6964522,ΝΟΥΝΟΥ Κρέμα Σαντιγί 250g,2.6
2025-02-02,2935161,ΦΑΓΕ Αγελαδίτσα Γιαούρτι 0% 3x200gr,2.55
2025-02-02,2373652,DANETTE Επιδόρπιο Σοκολάτα 4x125gr,3.28
2025-02-02,1589372,DANONE HiPro Protein Επιδόρπιο Γιαουρτιού με γεύση Βανίλια Χωρίς προσθήκη ζάχαρης 160gr,1.55
2025-02-02,3462504,ACTIVIA Επιδόρπιο Γιαουρτιού 2% με Δαμάσκηνο 2x200gr,2.95
2025-02-02,1532281,ΣΥΝΕΤΑΙΡΙΣΜΟΣ ΚΑΛΑΒΡΥΤΩΝ Γιαούρτι Κατσικίσιο Παραδοσιακό 4-5% 240gr,1.52
2025-02-02,1460964,ΚΡΙ ΚΡΙ Γιαούρτι Αγελάδος 3-9% 2x200gr +1 Δώρο,1.65
2025-02-02,1581391,ΜΕΒΓΑΛ Harmony Επιδόρπιο Γιαουρτιού 1% Φρούτα του Δάσους 2x170gr +1 Δώρο,2.72
2025-02-02,1177582,ADORO Light Κρέμα Γάλακτος 2x200ml +1 Δώρο,3.36
2025-02-02,1614633,ΣΤΑΜΟΥ Ζελέ με γεύση Ροδάκινο &amp; Κομμάτια Φρούτων 165gr,1.14
2025-02-02,5509633,ΜΕΒΓΑΛ Παραδοσιακό Γιαούρτι Αγελάδος 3-9% 220gr,1.03
2025-02-02,1614159,ALPRO Επιδόρπιο Σόγιας Βlueberry Vegan Χωρίς γλουτένη Χωρίς λακτόζη 500gr,3.65
2025-02-02,6067920,ΓΙΩΤΗΣ Sweet &amp; Balance Φρουί Ζελέ με  γεύση Κεράσι με Στέβια Χωρίς ζάχαρη 2x150gr,2.14
2025-02-02,1615746,ΜΕΒΓΑΛ High Protein Επιδόρπιο Στραγγιστού Γιαουρτιού Μάνγκο &amp; Φρούτο του Πάθους Χωρίς προσθήκη ζάχαρης 170g,1.36
2025-02-02,1541809,ΦΑΓΕ Total Επιδόρπιο Στραγγιστού Γιαουρτιού με Φράουλα Χωρίς γλουτένη 2x150gr,1.86
2025-02-02,1616170,ΝΟΥΝΟΥ Power Βowl Επιδόρπιο Γιαουρτιού Ροδάκινο Βρόμη &amp; Λιναρόσπορος 1-5% 2x175gr,2.48
2025-02-02,1614165,ALPRO Επιδόρπιο Σόγιας Φράουλα Vegan Χωρίς γλουτένη Χωρίς λακτόζη 500gr,3.65
2025-02-02,1593430,ΑΓΡΟΚΤΗΜΑΤΑ ΚΙΘΑΙΡΩΝΑ Ρυζόγαλο με Στέβια 150gr,0.96
2025-02-02,9629874,ADORO Vegetal Φυτική Κρέμα 500ml,2.68
2025-02-02,1614160,ALPRO Επιδόρπιο Σόγιας Βανίλια Vegan Χωρίς γλουτένη Χωρίς λακτόζη 500gr,3.65
2025-02-02,1438909,ΔΕΛΤΑ Vitaline Επιδόρπιο Γιαουρτιού Κεράσι με Στέβια Χωρίς προσθήκη ζάχαρης 2x180gr +1 Δώρο,2.3
2025-02-02,1616171,ΝΟΥΝΟΥ Power Βowl Επιδόρπιο Γιαουρτιού Φράουλα Φραγκοστάφυλο Δημητριακά &amp; Λιναρόσπορος 1-7% 2x175gr,2.48
2025-02-02,1113608,ΕΒΟΛ Γιαούρτι Πρόβειο 2% 250gr,1.4
2025-02-02,1403142,ΚΡΙ ΚΡΙ Σπιτικό Επιδόρπιο Γιαουρτιού 2% 1kg,2.68
2025-02-02,1613278,ΔΕΛΤΑ Του Τόπου Μας Γιαούρτι Στραγγιστό 10% 2x200gr,2.54
2025-02-02,1563637,ΣΤΑΜΟΥ Γιαούρτι Αγελάδος 2% 240gr,1.25
